Ortalama_SICAKLIK;Toplam_CIROILKFIYAT;Toplam_CIRO;Toplam_Musteri_Sat;Indirim_Yuzdesi;Istinyepark;Akasya;Akbati;Beylikduzu;Brandium;Capitol;Forum_Istanbul ;Forum_Marmara;Mall_Of;MAltepePark;MARMARAPARK;Metrocity;Natilus;Starcity;YKM_FORUM_ISTANBUL;YKM_FORUM_MARMARA;Ozel_Gunler;Satis_Normalize;;;
8;17064;14298;70795;16;1;0;0;0;0;0;0;0;0;0;0;0;0;0;0;0;1;0;;;
8;15907;11861;33988;25;1;0;0;0;0;0;0;0;0;0;0;0;0;0;0;0;0;0;;;
12;19947;15896;52796;20;1;0;0;0;0;0;0;0;0;0;0;0;0;0;0;0;0;0;;;
12;21254;16891;57846;21;1;0;0;0;0;0;0;0;0;0;0;0;0;0;0;0;0;0;;;
4;30062;21452;66466;29;1;0;0;0;0;0;0;0;0;0;0;0;0;0;0;0;1;0;;;
8;32802;24723;69108;25;1;0;0;0;0;0;0;0;0;0;0;0;0;0;0;0;1;0;;;
12;30851;23273;74034;25;1;0;0;0;0;0;0;0;0;0;0;0;0;0;0;0;0;0;;;
10;31020;25217;77705;19;1;0;0;0;0;0;0;0;0;0;0;0;0;0;0;0;0;0;;;
7;29755;23837;61006;20;1;0;0;0;0;0;0;0;0;0;0;0;0;0;0;0;1;0;;;
10;24801;21878;64385;12;1;0;0;0;0;0;0;0;0;0;0;0;0;0;0;0;1;0;;;
8;18378;16311;51786;11;1;0;0;0;0;0;0;0;0;0;0;0;0;0;0;0;0;0;;;
13;22567;20899;49291;7;1;0;0;0;0;0;0;0;0;0;0;0;0;0;0;0;0;0;;;
12;20178;19278;33662;4;1;0;0;0;0;0;0;0;0;0;0;0;0;0;0;0;0;0;;;
13;21875;21386;37502;2;1;0;0;0;0;0;0;0;0;0;0;0;0;0;0;0;0;0;;;
12;24035;23314;36873;3;1;0;0;0;0;0;0;0;0;0;0;0;0;0;0;0;0;0;;;
14;28374;27155;45624;4;1;0;0;0;0;0;0;0;0;0;0;0;0;0;0;0;0;0;;;
16;22301;21466;28702;4;1;0;0;0;0;0;0;0;0;0;0;0;0;0;0;0;0;0;;;
16;24245;23461;32964;3;1;0;0;0;0;0;0;0;0;0;0;0;0;0;0;0;1;0;;;
14;27155;26525;69349;2;1;0;0;0;0;0;0;0;0;0;0;0;0;0;0;0;0;0;;;
20;19136;16448;28758;14;1;0;0;0;0;0;0;0;0;0;0;0;0;0;0;0;0;0;;;
19;27143;25077;35094;8;1;0;0;0;0;0;0;0;0;0;0;0;0;0;0;0;1;0;;;
22;22471;21352;37538;5;1;0;0;0;0;0;0;0;0;0;0;0;0;0;0;0;0;0;;;
19;22070;21142;29504;4;1;0;0;0;0;0;0;0;0;0;0;0;0;0;0;0;0;0;;;
23;30078;28832;46164;4;1;0;0;0;0;0;0;0;0;0;0;0;0;0;0;0;0;0;;;
22;17806;17150;32363;4;1;0;0;0;0;0;0;0;0;0;0;0;0;0;0;0;0;0;;;
24;17264;15220;41427;12;1;0;0;0;0;0;0;0;0;0;0;0;0;0;0;0;0;0;;;
23;15509;14310;39126;8;1;0;0;0;0;0;0;0;0;0;0;0;0;0;0;0;1;0;;;
26;20390;17235;34189;15;1;0;0;0;0;0;0;0;0;0;0;0;0;0;0;0;1;0;;;
25;34014;24428;32815;28;1;0;0;0;0;0;0;0;0;0;0;0;0;0;0;0;0;0;;;
26;50120;34070;41178;32;1;0;0;0;0;0;0;0;0;0;0;0;0;0;0;0;0;0;;;
27;42421;29837;44816;30;1;0;0;0;0;0;0;0;0;0;0;0;0;0;0;0;0;0;;;
26;36239;26738;33426;26;1;0;0;0;0;0;0;0;0;0;0;0;0;0;0;0;0;0;;;
27;27334;20738;31878;24;1;0;0;0;0;0;0;0;0;0;0;0;0;0;0;0;0;0;;;
25;29896;23019;45510;23;1;0;0;0;0;0;0;0;0;0;0;0;0;0;0;0;0;0;;;
25;43669;31735;59106;27;1;0;0;0;0;0;0;0;0;0;0;0;0;0;0;0;0;0;;;
25;36199;29463;49061;19;1;0;0;0;0;0;0;0;0;0;0;0;0;0;0;0;1;0;;;
23;36227;32874;37726;9;1;0;0;0;0;0;0;0;0;0;0;0;0;0;0;0;1;0;;;
21;26612;25956;35490;2;1;0;0;0;0;0;0;0;0;0;0;0;0;0;0;0;0;0;;;
18;27268;25504;30559;6;1;0;0;0;0;0;0;0;0;0;0;0;0;0;0;0;0;0;;;
17;24731;23816;41268;4;1;0;0;0;0;0;0;0;0;0;0;0;0;0;0;0;0;0;;;
18;17758;17260;36671;3;1;0;0;0;0;0;0;0;0;0;0;0;0;0;0;0;0;0;;;
18;15952;14101;32350;12;1;0;0;0;0;0;0;0;0;0;0;0;0;0;0;0;0;0;;;
17;23643;22149;32073;6;1;0;0;0;0;0;0;0;0;0;0;0;0;0;0;0;0;0;;;
12;21991;20465;44528;7;1;0;0;0;0;0;0;0;0;0;0;0;0;0;0;0;0;0;;;
14;17899;16166;45305;10;1;0;0;0;0;0;0;0;0;0;0;0;0;0;0;0;0;0;;;
14;17039;14554;46188;15;1;0;0;0;0;0;0;0;0;0;0;0;0;0;0;0;0;0;;;
13;18064;16388;53432;9;1;0;0;0;0;0;0;0;0;0;0;0;0;0;0;0;0;0;;;
8;13904;12975;35771;7;1;0;0;0;0;0;0;0;0;0;0;0;0;0;0;0;0;0;;;
11;13516;12589;32663;7;1;0;0;0;0;0;0;0;0;0;0;0;0;0;0;0;0;0;;;
10;15198;14021;31791;8;1;0;0;0;0;0;0;0;0;0;0;0;0;0;0;0;0;0;;;
10;15701;14461;49734;8;1;0;0;0;0;0;0;0;0;0;0;0;0;0;0;0;1;0;;;
10;25821;22375;67181;13;1;0;0;0;0;0;0;0;0;0;0;0;0;0;0;0;1;0;;;
4;24326;20706;89493;15;1;0;0;0;0;0;0;0;0;0;0;0;0;0;0;0;1;0;;;
3;18000;14204;54621;21;1;0;0;0;0;0;0;0;0;0;0;0;0;0;0;0;0;0;;;
6;24566;19163;40412;22;1;0;0;0;0;0;0;0;0;0;0;0;0;0;0;0;0;0;;;
12;20067;15861;29382;21;1;0;0;0;0;0;0;0;0;0;0;0;0;0;0;0;0;0;;;
10;23930;18493;35571;23;1;0;0;0;0;0;0;0;0;0;0;0;0;0;0;0;1;0;;;
9;24291;19463;54631;20;1;0;0;0;0;0;0;0;0;0;0;0;0;0;0;0;1;0;;;
5;20709;16385;59341;21;1;0;0;0;0;0;0;0;0;0;0;0;0;0;0;0;0;0;;;
4;19555;14271;57060;27;1;0;0;0;0;0;0;0;0;0;0;0;0;0;0;0;0;0;;;
10;25122;17830;62748;29;1;0;0;0;0;0;0;0;0;0;0;0;0;0;0;0;1;0;;;
8;21588;16155;47198;25;1;0;0;0;0;0;0;0;0;0;0;0;0;0;0;0;1;0;;;
7;32803;20571;57852;37;1;0;0;0;0;0;0;0;0;0;0;0;0;0;0;0;0;0;;;
6;19762;16129;65265;18;1;0;0;0;0;0;0;0;0;0;0;0;0;0;0;0;0;0;;;
12;33186;29721;77619;10;1;0;0;0;0;0;0;0;0;0;0;0;0;0;0;0;0;0;;;
11;54965;50317;89979;8;1;0;0;0;0;0;0;0;0;0;0;0;0;0;0;0;0;0;;;
9;34320;32071;71316;7;1;0;0;0;0;0;0;0;0;0;0;0;0;0;0;0;0;0;;;
13;31090;29844;65221;4;1;0;0;0;0;0;0;0;0;0;0;0;0;0;0;0;0;0;;;
11;28041;26406;54815;6;1;0;0;0;0;0;0;0;0;0;0;0;0;0;0;0;0;0;;;
17;32194;27757;20323;14;1;0;0;0;0;0;0;0;0;0;0;0;0;0;0;0;1;0;;;
18;40352;36956;24013;8;1;0;0;0;0;0;0;0;0;0;0;0;0;0;0;0;0;0;;;
19;30085;28614;44271;5;1;0;0;0;0;0;0;0;0;0;0;0;0;0;0;0;0;0;;;
19;31951;30630;43283;4;1;0;0;0;0;0;0;0;0;0;0;0;0;0;0;0;1;0;;;
19;29159;27373;50343;6;1;0;0;0;0;0;0;0;0;0;0;0;0;0;0;0;0;0;;;
20;35792;34035;45322;5;1;0;0;0;0;0;0;0;0;0;0;0;0;0;0;0;0;0;;;
22;47591;43988;62654;8;1;0;0;0;0;0;0;0;0;0;0;0;0;0;0;0;0;0;;;
22;44980;36476;47367;19;1;0;0;0;0;0;0;0;0;0;0;0;0;0;0;0;0;0;;;
21;46532;34116;44075;27;1;0;0;0;0;0;0;0;0;0;0;0;0;0;0;0;0;0;;;
23;50527;35930;49769;29;1;0;0;0;0;0;0;0;0;0;0;0;0;0;0;0;1;0;;;
25;59460;37322;71485;37;1;0;0;0;0;0;0;0;0;0;0;0;0;0;0;0;1;0;;;
25;77129;45380;64302;41;1;0;0;0;0;0;0;0;0;0;0;0;0;0;0;0;0;0;;;
26;37229;25494;46249;32;1;0;0;0;0;0;0;0;0;0;0;0;0;0;0;0;0;0;;;
28;34742;23925;59298;31;1;0;0;0;0;0;0;0;0;0;0;0;0;0;0;0;0;0;;;
27;30466;21416;51365;30;1;0;0;0;0;0;0;0;0;0;0;0;0;0;0;0;0;0;;;
27;27542;20042;79425;27;1;0;0;0;0;0;0;0;0;0;0;0;0;0;0;0;0;0;;;
26;31959;23980;95499;25;1;0;0;0;0;0;0;0;0;0;0;0;0;0;0;0;0;0;;;
25;27103;20919;94919;23;1;0;0;0;0;0;0;0;0;0;0;0;0;0;0;0;1;0;;;
27;38116;30905;114826;19;1;0;0;0;0;0;0;0;0;0;0;0;0;0;0;0;1;0;;;
24;38475;34005;108574;12;1;0;0;0;0;0;0;0;0;0;0;0;0;0;0;0;0;0;;;
23;25656;22683;83543;12;1;0;0;0;0;0;0;0;0;0;0;0;0;0;0;0;0;0;;;
24;33131;30811;125035;7;1;0;0;0;0;0;0;0;0;0;0;0;0;0;0;0;0;0;;;
19;17084;16658;77463;2;1;0;0;0;0;0;0;0;0;0;0;0;0;0;0;0;0;0;;;
18;16977;16189;60103;5;1;0;0;0;0;0;0;0;0;0;0;0;0;0;0;0;0;0;;;
18;12098;11971;3927;1;1;0;0;0;0;0;0;0;0;0;0;0;0;0;0;0;0;0;;;
8;7600;7122;31250;6;0;1;0;0;0;0;0;0;0;0;0;0;0;0;0;0;1;0;;;
8;15804;14799;32555;6;0;1;0;0;0;0;0;0;0;0;0;0;0;0;0;0;0;0;;;
13;11456;10914;34795;5;0;1;0;0;0;0;0;0;0;0;0;0;0;0;0;0;0;0;;;
12;13490;13070;29361;3;0;1;0;0;0;0;0;0;0;0;0;0;0;0;0;0;0;0;;;
13;10605;10197;31298;4;0;1;0;0;0;0;0;0;0;0;0;0;0;0;0;0;0;0;;;
12;11264;10958;24473;3;0;1;0;0;0;0;0;0;0;0;0;0;0;0;0;0;0;0;;;
15;10476;10193;16957;3;0;1;0;0;0;0;0;0;0;0;0;0;0;0;0;0;0;0;;;
16;12684;12200;25913;4;0;1;0;0;0;0;0;0;0;0;0;0;0;0;0;0;0;0;;;
16;10986;10478;23002;5;0;1;0;0;0;0;0;0;0;0;0;0;0;0;0;0;1;0;;;
14;15895;15379;27409;3;0;1;0;0;0;0;0;0;0;0;0;0;0;0;0;0;0;0;;;
19;8929;7291;22011;18;0;1;0;0;0;0;0;0;0;0;0;0;0;0;0;0;0;0;;;
19;12437;11016;22076;11;0;1;0;0;0;0;0;0;0;0;0;0;0;0;0;0;1;0;;;
21;8765;8400;29858;4;0;1;0;0;0;0;0;0;0;0;0;0;0;0;0;0;0;0;;;
19;12533;12078;19921;4;0;1;0;0;0;0;0;0;0;0;0;0;0;0;0;0;0;0;;;
22;14469;13866;30782;4;0;1;0;0;0;0;0;0;0;0;0;0;0;0;0;0;0;0;;;
22;6711;6445;20062;4;0;1;0;0;0;0;0;0;0;0;0;0;0;0;0;0;0;0;;;
23;15451;11415;27101;26;0;1;0;0;0;0;0;0;0;0;0;0;0;0;0;0;0;0;;;
23;8957;8144;26568;9;0;1;0;0;0;0;0;0;0;0;0;0;0;0;0;0;1;0;;;
26;12255;9925;19602;19;0;1;0;0;0;0;0;0;0;0;0;0;0;0;0;0;1;0;;;
25;23900;16163;26663;32;0;1;0;0;0;0;0;0;0;0;0;0;0;0;0;0;0;0;;;
26;35696;23320;26904;35;0;1;0;0;0;0;0;0;0;0;0;0;0;0;0;0;0;0;;;
27;23328;15629;21788;33;0;1;0;0;0;0;0;0;0;0;0;0;0;0;0;0;0;0;;;
26;23358;16142;20769;31;0;1;0;0;0;0;0;0;0;0;0;0;0;0;0;0;0;0;;;
27;21834;15350;29291;30;0;1;0;0;0;0;0;0;0;0;0;0;0;0;0;0;0;0;;;
25;17359;12664;28998;27;0;1;0;0;0;0;0;0;0;0;0;0;0;0;0;0;0;0;;;
25;34032;21316;30415;37;0;1;0;0;0;0;0;0;0;0;0;0;0;0;0;0;0;0;;;
25;23317;17165;27349;26;0;1;0;0;0;0;0;0;0;0;0;0;0;0;0;0;1;0;;;
23;17385;15314;29134;12;0;1;0;0;0;0;0;0;0;0;0;0;0;0;0;0;1;0;;;
20;11726;10952;26220;7;0;1;0;0;0;0;0;0;0;0;0;0;0;0;0;0;0;0;;;
18;12976;12136;25599;6;0;1;0;0;0;0;0;0;0;0;0;0;0;0;0;0;0;0;;;
17;10816;10711;41845;1;0;1;0;0;0;0;0;0;0;0;0;0;0;0;0;0;0;0;;;
18;16673;16280;25533;2;0;1;0;0;0;0;0;0;0;0;0;0;0;0;0;0;0;0;;;
17;8261;7484;27347;9;0;1;0;0;0;0;0;0;0;0;0;0;0;0;0;0;0;0;;;
17;29203;25035;29968;14;0;1;0;0;0;0;0;0;0;0;0;0;0;0;0;0;0;0;;;
12;11582;11222;36490;3;0;1;0;0;0;0;0;0;0;0;0;0;0;0;0;0;0;0;;;
14;7499;6135;20694;18;0;1;0;0;0;0;0;0;0;0;0;0;0;0;0;0;0;0;;;
14;12956;11531;32063;11;0;1;0;0;0;0;0;0;0;0;0;0;0;0;0;0;0;0;;;
12;8116;6961;28303;14;0;1;0;0;0;0;0;0;0;0;0;0;0;0;0;0;0;0;;;
8;6334;6189;34750;2;0;1;0;0;0;0;0;0;0;0;0;0;0;0;0;0;0;0;;;
11;6142;5829;30025;5;0;1;0;0;0;0;0;0;0;0;0;0;0;0;0;0;0;0;;;
9;8255;7351;44264;11;0;1;0;0;0;0;0;0;0;0;0;0;0;0;0;0;0;0;;;
10;12643;10506;57347;17;0;1;0;0;0;0;0;0;0;0;0;0;0;0;0;0;1;0;;;
9;12458;10698;78911;14;0;1;0;0;0;0;0;0;0;0;0;0;0;0;0;0;1;0;;;
4;10100;7917;98882;22;0;1;0;0;0;0;0;0;0;0;0;0;0;0;0;0;1;0;;;
3;11518;8881;59244;23;0;1;0;0;0;0;0;0;0;0;0;0;0;0;0;0;0;0;;;
6;9683;7383;32912;24;0;1;0;0;0;0;0;0;0;0;0;0;0;0;0;0;0;0;;;
13;11924;9425;37022;21;0;1;0;0;0;0;0;0;0;0;0;0;0;0;0;0;0;0;;;
12;15110;11828;53462;22;0;1;0;0;0;0;0;0;0;0;0;0;0;0;0;0;1;0;;;
9;15989;12121;42296;24;0;1;0;0;0;0;0;0;0;0;0;0;0;0;0;0;1;0;;;
4;8821;7126;63545;19;0;1;0;0;0;0;0;0;0;0;0;0;0;0;0;0;0;0;;;
4;4672;3519;32525;25;0;1;0;0;0;0;0;0;0;0;0;0;0;0;0;0;0;0;;;
10;6698;5067;55163;24;0;1;0;0;0;0;0;0;0;0;0;0;0;0;0;0;1;0;;;
8;10968;8009;47452;27;0;1;0;0;0;0;0;0;0;0;0;0;0;0;0;0;1;0;;;
7;20996;13998;65103;33;0;1;0;0;0;0;0;0;0;0;0;0;0;0;0;0;0;0;;;
6;14933;13414;46578;10;0;1;0;0;0;0;0;0;0;0;0;0;0;0;0;0;0;0;;;
12;12125;11594;26308;4;0;1;0;0;0;0;0;0;0;0;0;0;0;0;0;0;0;0;;;
10;30490;26806;46340;12;0;1;0;0;0;0;0;0;0;0;0;0;0;0;0;0;0;0;;;
10;17970;17406;51302;3;0;1;0;0;0;0;0;0;0;0;0;0;0;0;0;0;0;0;;;
14;21229;20013;34626;6;0;1;0;0;0;0;0;0;0;0;0;0;0;0;0;0;0;0;;;
11;13898;12955;42280;7;0;1;0;0;0;0;0;0;0;0;0;0;0;0;0;0;0;0;;;
16;22098;18885;19324;15;0;1;0;0;0;0;0;0;0;0;0;0;0;0;0;0;1;0;;;
25;29267;18210;75000;38;0;1;0;0;0;0;0;0;0;0;0;0;0;0;0;0;1;0;;;
25;43605;25477;42827;42;0;1;0;0;0;0;0;0;0;0;0;0;0;0;0;0;0;0;;;
26;17934;12065;29020;33;0;1;0;0;0;0;0;0;0;0;0;0;0;0;0;0;0;0;;;
28;11778;8079;28457;31;0;1;0;0;0;0;0;0;0;0;0;0;0;0;0;0;0;0;;;
27;12145;8480;31119;30;0;1;0;0;0;0;0;0;0;0;0;0;0;0;0;0;0;0;;;
27;11890;8501;43645;29;0;1;0;0;0;0;0;0;0;0;0;0;0;0;0;0;0;0;;;
26;17045;13390;86633;21;0;1;0;0;0;0;0;0;0;0;0;0;0;0;0;0;0;0;;;
25;15384;13060;77859;15;0;1;0;0;0;0;0;0;0;0;0;0;0;0;0;0;1;0;;;
26;42273;33422;102948;21;0;1;0;0;0;0;0;0;0;0;0;0;0;0;0;0;1;0;;;
24;26436;21867;105102;17;0;1;0;0;0;0;0;0;0;0;0;0;0;0;0;0;0;0;;;
23;14813;13818;59133;7;0;1;0;0;0;0;0;0;0;0;0;0;0;0;0;0;0;0;;;
24;23138;22530;69907;3;0;1;0;0;0;0;0;0;0;0;0;0;0;0;0;0;0;0;;;
19;14050;13541;56396;4;0;1;0;0;0;0;0;0;0;0;0;0;0;0;0;0;0;0;;;
19;14326;14056;59262;2;0;1;0;0;0;0;0;0;0;0;0;0;0;0;0;0;0;0;;;
17;7868;7581;2638;4;0;1;0;0;0;0;0;0;0;0;0;0;0;0;0;0;0;0;;;
7;3403;2784;8660;18;0;0;1;0;0;0;0;0;0;0;0;0;0;0;0;0;1;0;;;
9;1902;1470;6257;23;0;0;1;0;0;0;0;0;0;0;0;0;0;0;0;0;0;0;;;
11;2895;2266;5060;22;0;0;1;0;0;0;0;0;0;0;0;0;0;0;0;0;0;0;;;
12;4010;2769;10083;31;0;0;1;0;0;0;0;0;0;0;0;0;0;0;0;0;0;0;;;
5;5374;3493;13121;35;0;0;1;0;0;0;0;0;0;0;0;0;0;0;0;0;1;0;;;
8;7430;4829;11058;35;0;0;1;0;0;0;0;0;0;0;0;0;0;0;0;0;1;0;;;
12;7043;4967;13980;29;0;0;1;0;0;0;0;0;0;0;0;0;0;0;0;0;0;0;;;
10;6482;4360;9748;33;0;0;1;0;0;0;0;0;0;0;0;0;0;0;0;0;0;0;;;
8;11334;7888;12146;30;0;0;1;0;0;0;0;0;0;0;0;0;0;0;0;0;1;0;;;
10;6270;5304;13407;15;0;0;1;0;0;0;0;0;0;0;0;0;0;0;0;0;1;0;;;
8;9491;8424;11746;11;0;0;1;0;0;0;0;0;0;0;0;0;0;0;0;0;0;0;;;
13;5325;4909;10286;8;0;0;1;0;0;0;0;0;0;0;0;0;0;0;0;0;0;0;;;
12;4651;4575;5484;2;0;0;1;0;0;0;0;0;0;0;0;0;0;0;0;0;0;0;;;
13;5259;5128;5936;2;0;0;1;0;0;0;0;0;0;0;0;0;0;0;0;0;0;0;;;
11;5451;5425;5763;0;0;0;1;0;0;0;0;0;0;0;0;0;0;0;0;0;0;0;;;
15;7197;7026;5723;2;0;0;1;0;0;0;0;0;0;0;0;0;0;0;0;0;0;0;;;
16;5859;5730;6473;2;0;0;1;0;0;0;0;0;0;0;0;0;0;0;0;0;0;0;;;
17;8287;7987;8623;4;0;0;1;0;0;0;0;0;0;0;0;0;0;0;0;0;1;0;;;
14;9193;8886;9069;3;0;0;1;0;0;0;0;0;0;0;0;0;0;0;0;0;0;0;;;
19;5216;4776;6095;8;0;0;1;0;0;0;0;0;0;0;0;0;0;0;0;0;0;0;;;
19;4860;4612;6989;5;0;0;1;0;0;0;0;0;0;0;0;0;0;0;0;0;1;0;;;
21;4032;3995;5217;1;0;0;1;0;0;0;0;0;0;0;0;0;0;0;0;0;0;0;;;
19;3624;3582;5846;1;0;0;1;0;0;0;0;0;0;0;0;0;0;0;0;0;0;0;;;
23;4289;4130;8753;4;0;0;1;0;0;0;0;0;0;0;0;0;0;0;0;0;0;0;;;
22;3068;2998;6979;2;0;0;1;0;0;0;0;0;0;0;0;0;0;0;0;0;0;0;;;
23;3243;3005;7931;7;0;0;1;0;0;0;0;0;0;0;0;0;0;0;0;0;0;0;;;
23;2210;2081;4559;6;0;0;1;0;0;0;0;0;0;0;0;0;0;0;0;0;1;0;;;
26;2140;1847;6188;14;0;0;1;0;0;0;0;0;0;0;0;0;0;0;0;0;1;0;;;
24;5071;3433;6348;32;0;0;1;0;0;0;0;0;0;0;0;0;0;0;0;0;0;0;;;
26;9766;6669;9231;32;0;0;1;0;0;0;0;0;0;0;0;0;0;0;0;0;0;0;;;
27;6194;4146;6050;33;0;0;1;0;0;0;0;0;0;0;0;0;0;0;0;0;0;0;;;
26;5484;3758;6322;31;0;0;1;0;0;0;0;0;0;0;0;0;0;0;0;0;0;0;;;
27;4084;2784;6154;32;0;0;1;0;0;0;0;0;0;0;0;0;0;0;0;0;0;0;;;
26;6803;4566;6944;33;0;0;1;0;0;0;0;0;0;0;0;0;0;0;0;0;0;0;;;
25;13709;8270;9024;40;0;0;1;0;0;0;0;0;0;0;0;0;0;0;0;0;0;0;;;
25;5963;4238;7777;29;0;0;1;0;0;0;0;0;0;0;0;0;0;0;0;0;1;0;;;
23;7632;6973;8172;9;0;0;1;0;0;0;0;0;0;0;0;0;0;0;0;0;1;0;;;
21;4434;4282;6981;3;0;0;1;0;0;0;0;0;0;0;0;0;0;0;0;0;0;0;;;
18;4269;3882;6871;9;0;0;1;0;0;0;0;0;0;0;0;0;0;0;0;0;0;0;;;
17;4109;4004;6541;3;0;0;1;0;0;0;0;0;0;0;0;0;0;0;0;0;0;0;;;
18;2718;2605;6950;4;0;0;1;0;0;0;0;0;0;0;0;0;0;0;0;0;0;0;;;
18;3186;2914;5664;9;0;0;1;0;0;0;0;0;0;0;0;0;0;0;0;0;0;0;;;
17;3056;2584;5151;15;0;0;1;0;0;0;0;0;0;0;0;0;0;0;0;0;0;0;;;
12;3219;3184;6777;1;0;0;1;0;0;0;0;0;0;0;0;0;0;0;0;0;0;0;;;
14;1827;1606;4236;12;0;0;1;0;0;0;0;0;0;0;0;0;0;0;0;0;0;0;;;
14;2613;2430;5281;7;0;0;1;0;0;0;0;0;0;0;0;0;0;0;0;0;0;0;;;
12;2107;1782;5613;15;0;0;1;0;0;0;0;0;0;0;0;0;0;0;0;0;0;0;;;
9;2513;2449;4992;3;0;0;1;0;0;0;0;0;0;0;0;0;0;0;0;0;0;0;;;
11;2581;2575;5437;0;0;0;1;0;0;0;0;0;0;0;0;0;0;0;0;0;0;0;;;
10;1877;1854;4402;1;0;0;1;0;0;0;0;0;0;0;0;0;0;0;0;0;0;0;;;
10;4349;3438;6933;21;0;0;1;0;0;0;0;0;0;0;0;0;0;0;0;0;1;0;;;
9;5675;4360;10144;23;0;0;1;0;0;0;0;0;0;0;0;0;0;0;0;0;1;0;;;
5;1631;1239;9222;24;0;0;1;0;0;0;0;0;0;0;0;0;0;0;0;0;1;0;;;
3;2719;2211;5238;19;0;0;1;0;0;0;0;0;0;0;0;0;0;0;0;0;0;0;;;
7;5849;4292;5851;27;0;0;1;0;0;0;0;0;0;0;0;0;0;0;0;0;0;0;;;
12;5697;4227;5131;26;0;0;1;0;0;0;0;0;0;0;0;0;0;0;0;0;0;0;;;
11;3363;2586;6695;23;0;0;1;0;0;0;0;0;0;0;0;0;0;0;0;0;1;0;;;
10;3989;3166;9785;21;0;0;1;0;0;0;0;0;0;0;0;0;0;0;0;0;1;0;;;
4;3718;2785;7396;25;0;0;1;0;0;0;0;0;0;0;0;0;0;0;0;0;0;0;;;
4;2886;1966;5207;32;0;0;1;0;0;0;0;0;0;0;0;0;0;0;0;0;0;0;;;
9;7248;4934;8562;32;0;0;1;0;0;0;0;0;0;0;0;0;0;0;0;0;1;0;;;
8;6120;4314;8662;30;0;0;1;0;0;0;0;0;0;0;0;0;0;0;0;0;1;0;;;
7;8660;5273;12827;39;0;0;1;0;0;0;0;0;0;0;0;0;0;0;0;0;0;0;;;
7;4198;3363;10827;20;0;0;1;0;0;0;0;0;0;0;0;0;0;0;0;0;0;0;;;
11;3781;3614;7531;4;0;0;1;0;0;0;0;0;0;0;0;0;0;0;0;0;0;0;;;
11;8493;7438;9736;12;0;0;1;0;0;0;0;0;0;0;0;0;0;0;0;0;0;0;;;
9;4836;4708;7508;3;0;0;1;0;0;0;0;0;0;0;0;0;0;0;0;0;0;0;;;
13;5337;5292;7051;1;0;0;1;0;0;0;0;0;0;0;0;0;0;0;0;0;0;0;;;
11;6049;5352;7977;12;0;0;1;0;0;0;0;0;0;0;0;0;0;0;0;0;0;0;;;
17;11591;9720;2951;16;0;0;1;0;0;0;0;0;0;0;0;0;0;0;0;0;1;0;;;
17;12557;11484;16692;9;0;0;1;0;0;0;0;0;0;0;0;0;0;0;0;0;0;0;;;
19;9642;9250;19960;4;0;0;1;0;0;0;0;0;0;0;0;0;0;0;0;0;0;0;;;
20;15207;14035;18884;8;0;0;1;0;0;0;0;0;0;0;0;0;0;0;0;0;1;0;;;
18;6050;5826;17061;4;0;0;1;0;0;0;0;0;0;0;0;0;0;0;0;0;0;0;;;
20;12359;11818;20777;4;0;0;1;0;0;0;0;0;0;0;0;0;0;0;0;0;0;0;;;
22;6164;5819;15617;6;0;0;1;0;0;0;0;0;0;0;0;0;0;0;0;0;0;0;;;
23;5936;4818;23166;19;0;0;1;0;0;0;0;0;0;0;0;0;0;0;0;0;0;0;;;
21;9900;7316;18796;26;0;0;1;0;0;0;0;0;0;0;0;0;0;0;0;0;0;0;;;
23;8105;5692;20013;30;0;0;1;0;0;0;0;0;0;0;0;0;0;0;0;0;1;0;;;
25;8895;5634;19685;37;0;0;1;0;0;0;0;0;0;0;0;0;0;0;0;0;1;0;;;
25;20412;12001;28769;41;0;0;1;0;0;0;0;0;0;0;0;0;0;0;0;0;0;0;;;
26;6254;4371;20925;30;0;0;1;0;0;0;0;0;0;0;0;0;0;0;0;0;0;0;;;
28;5780;3983;22959;31;0;0;1;0;0;0;0;0;0;0;0;0;0;0;0;0;0;0;;;
27;7204;4996;23625;31;0;0;1;0;0;0;0;0;0;0;0;0;0;0;0;0;0;0;;;
27;5259;3684;24668;30;0;0;1;0;0;0;0;0;0;0;0;0;0;0;0;0;0;0;;;
26;3580;2891;27095;19;0;0;1;0;0;0;0;0;0;0;0;0;0;0;0;0;0;0;;;
25;4534;3901;41568;14;0;0;1;0;0;0;0;0;0;0;0;0;0;0;0;0;1;0;;;
27;7311;5793;43534;21;0;0;1;0;0;0;0;0;0;0;0;0;0;0;0;0;1;0;;;
24;8591;6370;48210;26;0;0;1;0;0;0;0;0;0;0;0;0;0;0;0;0;0;0;;;
23;7335;6145;51783;16;0;0;1;0;0;0;0;0;0;0;0;0;0;0;0;0;0;0;;;
24;11588;9589;58662;17;0;0;1;0;0;0;0;0;0;0;0;0;0;0;0;0;0;0;;;
19;5289;4642;30612;12;0;0;1;0;0;0;0;0;0;0;0;0;0;0;0;0;0;0;;;
18;2734;2459;22880;10;0;0;1;0;0;0;0;0;0;0;0;0;0;0;0;0;0;0;;;
7;6981;5932;28082;15;0;0;0;1;0;0;0;0;0;0;0;0;0;0;0;0;1;0;;;
8;5729;4297;22705;25;0;0;0;1;0;0;0;0;0;0;0;0;0;0;0;0;0;0;;;
11;7259;5509;22896;24;0;0;0;1;0;0;0;0;0;0;0;0;0;0;0;0;0;0;;;
12;6707;4556;23670;32;0;0;0;1;0;0;0;0;0;0;0;0;0;0;0;0;0;0;;;
4;9972;6482;29625;35;0;0;0;1;0;0;0;0;0;0;0;0;0;0;0;0;1;0;;;
8;11277;7440;35601;34;0;0;0;1;0;0;0;0;0;0;0;0;0;0;0;0;1;0;;;
12;9859;6816;32549;31;0;0;0;1;0;0;0;0;0;0;0;0;0;0;0;0;0;0;;;
10;8876;6764;32073;24;0;0;0;1;0;0;0;0;0;0;0;0;0;0;0;0;0;0;;;
8;11412;7441;34587;35;0;0;0;1;0;0;0;0;0;0;0;0;0;0;0;0;1;0;;;
11;8045;6763;33909;16;0;0;0;1;0;0;0;0;0;0;0;0;0;0;0;0;1;0;;;
8;6761;5871;22993;13;0;0;0;1;0;0;0;0;0;0;0;0;0;0;0;0;0;0;;;
13;6813;6311;16913;7;0;0;0;1;0;0;0;0;0;0;0;0;0;0;0;0;0;0;;;
11;6160;6116;16752;1;0;0;0;1;0;0;0;0;0;0;0;0;0;0;0;0;0;0;;;
13;9451;9443;15010;0;0;0;0;1;0;0;0;0;0;0;0;0;0;0;0;0;0;0;;;
12;6599;6526;16466;1;0;0;0;1;0;0;0;0;0;0;0;0;0;0;0;0;0;0;;;
15;6472;6432;16379;1;0;0;0;1;0;0;0;0;0;0;0;0;0;0;0;0;0;0;;;
16;7306;7221;14116;1;0;0;0;1;0;0;0;0;0;0;0;0;0;0;0;0;0;0;;;
17;9897;9691;22586;2;0;0;0;1;0;0;0;0;0;0;0;0;0;0;0;0;1;0;;;
14;13783;13685;30259;1;0;0;0;1;0;0;0;0;0;0;0;0;0;0;0;0;0;0;;;
19;9725;8959;22155;8;0;0;0;1;0;0;0;0;0;0;0;0;0;0;0;0;0;0;;;
19;8382;8014;13315;4;0;0;0;1;0;0;0;0;0;0;0;0;0;0;0;0;1;0;;;
22;8014;7978;14078;0;0;0;0;1;0;0;0;0;0;0;0;0;0;0;0;0;0;0;;;
19;7318;7104;15721;3;0;0;0;1;0;0;0;0;0;0;0;0;0;0;0;0;0;0;;;
23;11660;11442;23679;2;0;0;0;1;0;0;0;0;0;0;0;0;0;0;0;0;0;0;;;
22;3573;3502;12486;2;0;0;0;1;0;0;0;0;0;0;0;0;0;0;0;0;0;0;;;
24;3854;3514;14875;9;0;0;0;1;0;0;0;0;0;0;0;0;0;0;0;0;0;0;;;
23;2544;2244;11930;12;0;0;0;1;0;0;0;0;0;0;0;0;0;0;0;0;1;0;;;
26;5064;4001;19053;21;0;0;0;1;0;0;0;0;0;0;0;0;0;0;0;0;1;0;;;
25;9350;6372;15177;32;0;0;0;1;0;0;0;0;0;0;0;0;0;0;0;0;0;0;;;
26;13683;8978;20696;34;0;0;0;1;0;0;0;0;0;0;0;0;0;0;0;0;0;0;;;
27;7188;4679;13659;35;0;0;0;1;0;0;0;0;0;0;0;0;0;0;0;0;0;0;;;
26;7461;4870;19892;35;0;0;0;1;0;0;0;0;0;0;0;0;0;0;0;0;0;0;;;
27;4691;3094;13929;34;0;0;0;1;0;0;0;0;0;0;0;0;0;0;0;0;0;0;;;
26;6053;4270;20247;29;0;0;0;1;0;0;0;0;0;0;0;0;0;0;0;0;0;0;;;
25;7755;5118;28373;34;0;0;0;1;0;0;0;0;0;0;0;0;0;0;0;0;0;0;;;
25;8830;6988;21887;21;0;0;0;1;0;0;0;0;0;0;0;0;0;0;0;0;1;0;;;
23;8956;7850;33093;12;0;0;0;1;0;0;0;0;0;0;0;0;0;0;0;0;1;0;;;
21;5293;5242;17470;1;0;0;0;1;0;0;0;0;0;0;0;0;0;0;0;0;0;0;;;
18;2940;2806;20716;5;0;0;0;1;0;0;0;0;0;0;0;0;0;0;0;0;0;0;;;
17;6616;6423;20720;3;0;0;0;1;0;0;0;0;0;0;0;0;0;0;0;0;0;0;;;
18;3501;3420;14240;2;0;0;0;1;0;0;0;0;0;0;0;0;0;0;0;0;0;0;;;
18;4956;4475;12920;10;0;0;0;1;0;0;0;0;0;0;0;0;0;0;0;0;0;0;;;
17;5028;4782;15145;5;0;0;0;1;0;0;0;0;0;0;0;0;0;0;0;0;0;0;;;
12;4244;4137;18452;3;0;0;0;1;0;0;0;0;0;0;0;0;0;0;0;0;0;0;;;
14;3837;3470;14421;10;0;0;0;1;0;0;0;0;0;0;0;0;0;0;0;0;0;0;;;
14;2566;2151;9728;16;0;0;0;1;0;0;0;0;0;0;0;0;0;0;0;0;0;0;;;
14;3495;3309;13524;5;0;0;0;1;0;0;0;0;0;0;0;0;0;0;0;0;0;0;;;
8;1946;1699;15136;13;0;0;0;1;0;0;0;0;0;0;0;0;0;0;0;0;0;0;;;
11;1592;1592;8986;0;0;0;0;1;0;0;0;0;0;0;0;0;0;0;0;0;0;0;;;
10;3686;3597;16355;2;0;0;0;1;0;0;0;0;0;0;0;0;0;0;0;0;0;0;;;
10;2863;2525;17613;12;0;0;0;1;0;0;0;0;0;0;0;0;0;0;0;0;1;0;;;
9;2828;2337;29720;17;0;0;0;1;0;0;0;0;0;0;0;0;0;0;0;0;1;0;;;
4;5362;4233;20778;21;0;0;0;1;0;0;0;0;0;0;0;0;0;0;0;0;1;0;;;
2;5681;4202;15384;26;0;0;0;1;0;0;0;0;0;0;0;0;0;0;0;0;0;0;;;
7;6363;4866;20209;24;0;0;0;1;0;0;0;0;0;0;0;0;0;0;0;0;0;0;;;
12;8057;5937;14631;26;0;0;0;1;0;0;0;0;0;0;0;0;0;0;0;0;0;0;;;
11;7069;5378;24874;24;0;0;0;1;0;0;0;0;0;0;0;0;0;0;0;0;1;0;;;
9;6233;4805;20682;23;0;0;0;1;0;0;0;0;0;0;0;0;0;0;0;0;1;0;;;
4;6380;5173;31633;19;0;0;0;1;0;0;0;0;0;0;0;0;0;0;0;0;0;0;;;
4;5489;3860;17435;30;0;0;0;1;0;0;0;0;0;0;0;0;0;0;0;0;0;0;;;
10;9727;7003;18467;28;0;0;0;1;0;0;0;0;0;0;0;0;0;0;0;0;1;0;;;
8;10299;7207;31553;30;0;0;0;1;0;0;0;0;0;0;0;0;0;0;0;0;1;0;;;
7;9621;6619;26238;31;0;0;0;1;0;0;0;0;0;0;0;0;0;0;0;0;0;0;;;
7;4955;4647;14646;6;0;0;0;1;0;0;0;0;0;0;0;0;0;0;0;0;0;0;;;
12;7517;6997;21964;7;0;0;0;1;0;0;0;0;0;0;0;0;0;0;0;0;0;0;;;
11;12690;11646;25641;8;0;0;0;1;0;0;0;0;0;0;0;0;0;0;0;0;0;0;;;
9;15616;14965;18620;4;0;0;0;1;0;0;0;0;0;0;0;0;0;0;0;0;0;0;;;
14;12280;12004;17870;2;0;0;0;1;0;0;0;0;0;0;0;0;0;0;0;0;0;0;;;
11;11046;10648;22794;4;0;0;0;1;0;0;0;0;0;0;0;0;0;0;0;0;0;0;;;
17;12031;10621;6979;12;0;0;0;1;0;0;0;0;0;0;0;0;0;0;0;0;1;0;;;
18;18058;17419;16333;4;0;0;0;1;0;0;0;0;0;0;0;0;0;0;0;0;0;0;;;
19;13052;12728;22959;2;0;0;0;1;0;0;0;0;0;0;0;0;0;0;0;0;0;0;;;
19;10820;10544;28909;3;0;0;0;1;0;0;0;0;0;0;0;0;0;0;0;0;1;0;;;
19;10592;10310;30163;3;0;0;0;1;0;0;0;0;0;0;0;0;0;0;0;0;0;0;;;
20;10363;10038;29198;3;0;0;0;1;0;0;0;0;0;0;0;0;0;0;0;0;0;0;;;
21;9640;9274;28710;4;0;0;0;1;0;0;0;0;0;0;0;0;0;0;0;0;0;0;;;
22;16129;13282;38179;18;0;0;0;1;0;0;0;0;0;0;0;0;0;0;0;0;0;0;;;
21;13394;9980;19586;25;0;0;0;1;0;0;0;0;0;0;0;0;0;0;0;0;0;0;;;
23;18399;13158;31617;28;0;0;0;1;0;0;0;0;0;0;0;0;0;0;0;0;1;0;;;
25;24976;15795;41894;37;0;0;0;1;0;0;0;0;0;0;0;0;0;0;0;0;1;0;;;
25;23943;13968;31334;42;0;0;0;1;0;0;0;0;0;0;0;0;0;0;0;0;0;0;;;
26;5191;3748;20256;28;0;0;0;1;0;0;0;0;0;0;0;0;0;0;0;0;0;0;;;
28;8833;6171;25748;30;0;0;0;1;0;0;0;0;0;0;0;0;0;0;0;0;0;0;;;
27;5910;4340;29880;27;0;0;0;1;0;0;0;0;0;0;0;0;0;0;0;0;0;0;;;
27;5848;3995;25829;32;0;0;0;1;0;0;0;0;0;0;0;0;0;0;0;0;0;0;;;
26;5104;3758;31991;26;0;0;0;1;0;0;0;0;0;0;0;0;0;0;0;0;0;0;;;
25;6965;5512;44281;21;0;0;0;1;0;0;0;0;0;0;0;0;0;0;0;0;1;0;;;
26;7477;6172;52555;17;0;0;0;1;0;0;0;0;0;0;0;0;0;0;0;0;1;0;;;
24;12059;9792;66819;19;0;0;0;1;0;0;0;0;0;0;0;0;0;0;0;0;0;0;;;
23;9138;7552;82611;17;0;0;0;1;0;0;0;0;0;0;0;0;0;0;0;0;0;0;;;
24;8525;8390;51955;2;0;0;0;1;0;0;0;0;0;0;0;0;0;0;0;0;0;0;;;
19;2866;2979;24569;-4;0;0;0;1;0;0;0;0;0;0;0;0;0;0;0;0;0;0;;;
18;3888;3862;25882;1;0;0;0;1;0;0;0;0;0;0;0;0;0;0;0;0;0;0;;;
17;5080;4984;2743;2;0;0;0;1;0;0;0;0;0;0;0;0;0;0;0;0;0;0;;;
7;10896;9173;40846;16;0;0;0;0;1;0;0;0;0;0;0;0;0;0;0;0;1;0;;;
8;9696;7380;26387;24;0;0;0;0;1;0;0;0;0;0;0;0;0;0;0;0;0;0;;;
12;8833;7130;26865;19;0;0;0;0;1;0;0;0;0;0;0;0;0;0;0;0;0;0;;;
12;14067;10219;34720;27;0;0;0;0;1;0;0;0;0;0;0;0;0;0;0;0;0;0;;;
5;14264;9511;39934;33;0;0;0;0;1;0;0;0;0;0;0;0;0;0;0;0;1;0;;;
8;12832;8728;39665;32;0;0;0;0;1;0;0;0;0;0;0;0;0;0;0;0;1;0;;;
11;12602;9192;43792;27;0;0;0;0;1;0;0;0;0;0;0;0;0;0;0;0;0;0;;;
10;14817;11107;51258;25;0;0;0;0;1;0;0;0;0;0;0;0;0;0;0;0;0;0;;;
8;13465;9810;49392;27;0;0;0;0;1;0;0;0;0;0;0;0;0;0;0;0;1;0;;;
10;11752;9936;41081;15;0;0;0;0;1;0;0;0;0;0;0;0;0;0;0;0;1;0;;;
8;8154;7159;32928;12;0;0;0;0;1;0;0;0;0;0;0;0;0;0;0;0;0;0;;;
13;8672;7910;29093;9;0;0;0;0;1;0;0;0;0;0;0;0;0;0;0;0;0;0;;;
11;5782;5679;23394;2;0;0;0;0;1;0;0;0;0;0;0;0;0;0;0;0;0;0;;;
13;7187;6912;24454;4;0;0;0;0;1;0;0;0;0;0;0;0;0;0;0;0;0;0;;;
11;7605;7543;30488;1;0;0;0;0;1;0;0;0;0;0;0;0;0;0;0;0;0;0;;;
15;6638;6475;19756;2;0;0;0;0;1;0;0;0;0;0;0;0;0;0;0;0;0;0;;;
16;9468;9259;17628;2;0;0;0;0;1;0;0;0;0;0;0;0;0;0;0;0;0;0;;;
16;10324;9961;33172;4;0;0;0;0;1;0;0;0;0;0;0;0;0;0;0;0;1;0;;;
14;13111;12939;33122;1;0;0;0;0;1;0;0;0;0;0;0;0;0;0;0;0;0;0;;;
19;7706;6584;18465;15;0;0;0;0;1;0;0;0;0;0;0;0;0;0;0;0;0;0;;;
19;7303;6830;19272;6;0;0;0;0;1;0;0;0;0;0;0;0;0;0;0;0;1;0;;;
21;8605;8248;25586;4;0;0;0;0;1;0;0;0;0;0;0;0;0;0;0;0;0;0;;;
20;6010;5897;25387;2;0;0;0;0;1;0;0;0;0;0;0;0;0;0;0;0;0;0;;;
23;10303;9704;28327;6;0;0;0;0;1;0;0;0;0;0;0;0;0;0;0;0;0;0;;;
22;5582;5386;18708;4;0;0;0;0;1;0;0;0;0;0;0;0;0;0;0;0;0;0;;;
24;6799;5709;15539;16;0;0;0;0;1;0;0;0;0;0;0;0;0;0;0;0;0;0;;;
23;5304;4900;19405;8;0;0;0;0;1;0;0;0;0;0;0;0;0;0;0;0;1;0;;;
26;6698;5535;18123;17;0;0;0;0;1;0;0;0;0;0;0;0;0;0;0;0;1;0;;;
25;10953;7648;19043;30;0;0;0;0;1;0;0;0;0;0;0;0;0;0;0;0;0;0;;;
26;18079;12161;26223;33;0;0;0;0;1;0;0;0;0;0;0;0;0;0;0;0;0;0;;;
27;13269;8670;16200;35;0;0;0;0;1;0;0;0;0;0;0;0;0;0;0;0;0;0;;;
26;10680;7326;17011;31;0;0;0;0;1;0;0;0;0;0;0;0;0;0;0;0;0;0;;;
27;10732;7529;17596;30;0;0;0;0;1;0;0;0;0;0;0;0;0;0;0;0;0;0;;;
25;10034;6991;18607;30;0;0;0;0;1;0;0;0;0;0;0;0;0;0;0;0;0;0;;;
25;12071;7782;22554;36;0;0;0;0;1;0;0;0;0;0;0;0;0;0;0;0;0;0;;;
25;16513;11896;22782;28;0;0;0;0;1;0;0;0;0;0;0;0;0;0;0;0;1;0;;;
23;8765;7410;24656;15;0;0;0;0;1;0;0;0;0;0;0;0;0;0;0;0;1;0;;;
21;4568;4567;18338;0;0;0;0;0;1;0;0;0;0;0;0;0;0;0;0;0;0;0;;;
18;6614;6354;20489;4;0;0;0;0;1;0;0;0;0;0;0;0;0;0;0;0;0;0;;;
17;6409;6241;24732;3;0;0;0;0;1;0;0;0;0;0;0;0;0;0;0;0;0;0;;;
18;6918;6631;20763;4;0;0;0;0;1;0;0;0;0;0;0;0;0;0;0;0;0;0;;;
18;5785;5527;16618;4;0;0;0;0;1;0;0;0;0;0;0;0;0;0;0;0;0;0;;;
17;8633;8310;16543;4;0;0;0;0;1;0;0;0;0;0;0;0;0;0;0;0;0;0;;;
12;10769;10023;23172;7;0;0;0;0;1;0;0;0;0;0;0;0;0;0;0;0;0;0;;;
14;8175;7099;14708;13;0;0;0;0;1;0;0;0;0;0;0;0;0;0;0;0;0;0;;;
14;8140;7781;18543;4;0;0;0;0;1;0;0;0;0;0;0;0;0;0;0;0;0;0;;;
12;6895;6555;20953;5;0;0;0;0;1;0;0;0;0;0;0;0;0;0;0;0;0;0;;;
8;7640;7243;24434;5;0;0;0;0;1;0;0;0;0;0;0;0;0;0;0;0;0;0;;;
11;6760;6626;19234;2;0;0;0;0;1;0;0;0;0;0;0;0;0;0;0;0;0;0;;;
9;7579;7152;30217;6;0;0;0;0;1;0;0;0;0;0;0;0;0;0;0;0;0;0;;;
10;7994;7391;29413;8;0;0;0;0;1;0;0;0;0;0;0;0;0;0;0;0;1;0;;;
9;12223;10400;39080;15;0;0;0;0;1;0;0;0;0;0;0;0;0;0;0;0;1;0;;;
4;13673;10549;48596;23;0;0;0;0;1;0;0;0;0;0;0;0;0;0;0;0;1;0;;;
4;7660;5851;29072;24;0;0;0;0;1;0;0;0;0;0;0;0;0;0;0;0;0;0;;;
6;9263;6789;21081;27;0;0;0;0;1;0;0;0;0;0;0;0;0;0;0;0;0;0;;;
12;14456;10910;19197;25;0;0;0;0;1;0;0;0;0;0;0;0;0;0;0;0;0;0;;;
11;14393;10932;29425;24;0;0;0;0;1;0;0;0;0;0;0;0;0;0;0;0;1;0;;;
9;16227;12305;25949;24;0;0;0;0;1;0;0;0;0;0;0;0;0;0;0;0;1;0;;;
5;11049;8569;31395;22;0;0;0;0;1;0;0;0;0;0;0;0;0;0;0;0;0;0;;;
3;9831;6652;19538;32;0;0;0;0;1;0;0;0;0;0;0;0;0;0;0;0;0;0;;;
10;19586;13186;26792;33;0;0;0;0;1;0;0;0;0;0;0;0;0;0;0;0;1;0;;;
8;13460;9212;28333;32;0;0;0;0;1;0;0;0;0;0;0;0;0;0;0;0;1;0;;;
7;20471;13011;33489;36;0;0;0;0;1;0;0;0;0;0;0;0;0;0;0;0;0;0;;;
6;8860;6721;36385;24;0;0;0;0;1;0;0;0;0;0;0;0;0;0;0;0;0;0;;;
12;10551;8851;32306;16;0;0;0;0;1;0;0;0;0;0;0;0;0;0;0;0;0;0;;;
11;19619;16682;37714;15;0;0;0;0;1;0;0;0;0;0;0;0;0;0;0;0;0;0;;;
9;15018;13226;41786;12;0;0;0;0;1;0;0;0;0;0;0;0;0;0;0;0;0;0;;;
13;14951;14676;28858;2;0;0;0;0;1;0;0;0;0;0;0;0;0;0;0;0;0;0;;;
12;11994;11211;29683;7;0;0;0;0;1;0;0;0;0;0;0;0;0;0;0;0;0;0;;;
16;15606;13165;8868;16;0;0;0;0;1;0;0;0;0;0;0;0;0;0;0;0;1;0;;;
17;31167;29826;38136;4;0;0;0;0;1;0;0;0;0;0;0;0;0;0;0;0;0;0;;;
19;19815;19366;26901;2;0;0;0;0;1;0;0;0;0;0;0;0;0;0;0;0;0;0;;;
19;14226;13895;22392;2;0;0;0;0;1;0;0;0;0;0;0;0;0;0;0;0;1;0;;;
19;15120;14591;36085;4;0;0;0;0;1;0;0;0;0;0;0;0;0;0;0;0;0;0;;;
20;15078;14801;32666;2;0;0;0;0;1;0;0;0;0;0;0;0;0;0;0;0;0;0;;;
21;11634;11002;28357;5;0;0;0;0;1;0;0;0;0;0;0;0;0;0;0;0;0;0;;;
22;24711;19526;43423;21;0;0;0;0;1;0;0;0;0;0;0;0;0;0;0;0;0;0;;;
21;24337;18353;39279;25;0;0;0;0;1;0;0;0;0;0;0;0;0;0;0;0;0;0;;;
23;20940;14631;34227;30;0;0;0;0;1;0;0;0;0;0;0;0;0;0;0;0;1;0;;;
25;27740;17525;32569;37;0;0;0;0;1;0;0;0;0;0;0;0;0;0;0;0;1;0;;;
25;31876;18696;32078;41;0;0;0;0;1;0;0;0;0;0;0;0;0;0;0;0;0;0;;;
26;10098;7089;22811;30;0;0;0;0;1;0;0;0;0;0;0;0;0;0;0;0;0;0;;;
28;10764;7392;35080;31;0;0;0;0;1;0;0;0;0;0;0;0;0;0;0;0;0;0;;;
27;12030;8314;25717;31;0;0;0;0;1;0;0;0;0;0;0;0;0;0;0;0;0;0;;;
27;12320;8590;33967;30;0;0;0;0;1;0;0;0;0;0;0;0;0;0;0;0;0;0;;;
26;7852;5459;30285;30;0;0;0;0;1;0;0;0;0;0;0;0;0;0;0;0;0;0;;;
25;13044;9963;57902;24;0;0;0;0;1;0;0;0;0;0;0;0;0;0;0;0;1;0;;;
26;15330;11884;60016;22;0;0;0;0;1;0;0;0;0;0;0;0;0;0;0;0;1;0;;;
24;20730;16495;86294;20;0;0;0;0;1;0;0;0;0;0;0;0;0;0;0;0;0;0;;;
23;11610;9533;77721;18;0;0;0;0;1;0;0;0;0;0;0;0;0;0;0;0;0;0;;;
23;14708;12429;97580;15;0;0;0;0;1;0;0;0;0;0;0;0;0;0;0;0;0;0;;;
20;9024;8630;39577;4;0;0;0;0;1;0;0;0;0;0;0;0;0;0;0;0;0;0;;;
18;5158;4921;47147;5;0;0;0;0;1;0;0;0;0;0;0;0;0;0;0;0;0;0;;;
18;5222;5163;5031;1;0;0;0;0;1;0;0;0;0;0;0;0;0;0;0;0;0;0;;;
7;18612;15533;78986;17;0;0;0;0;0;1;0;0;0;0;0;0;0;0;0;0;1;0;;;
8;16687;12449;50967;25;0;0;0;0;0;1;0;0;0;0;0;0;0;0;0;0;0;0;;;
12;16382;13085;57462;20;0;0;0;0;0;1;0;0;0;0;0;0;0;0;0;0;0;0;;;
12;23803;18423;83693;23;0;0;0;0;0;1;0;0;0;0;0;0;0;0;0;0;0;0;;;
4;42422;29592;97675;30;0;0;0;0;0;1;0;0;0;0;0;0;0;0;0;0;1;0;;;
8;37693;28024;111861;26;0;0;0;0;0;1;0;0;0;0;0;0;0;0;0;0;1;0;;;
12;43980;34339;110633;22;0;0;0;0;0;1;0;0;0;0;0;0;0;0;0;0;0;0;;;
10;31748;26083;100666;18;0;0;0;0;0;1;0;0;0;0;0;0;0;0;0;0;0;0;;;
7;40742;30927;91049;24;0;0;0;0;0;1;0;0;0;0;0;0;0;0;0;0;1;0;;;
11;32042;28233;86568;12;0;0;0;0;0;1;0;0;0;0;0;0;0;0;0;0;1;0;;;
8;27597;25179;82576;9;0;0;0;0;0;1;0;0;0;0;0;0;0;0;0;0;0;0;;;
13;23750;22262;58851;6;0;0;0;0;0;1;0;0;0;0;0;0;0;0;0;0;0;0;;;
11;22364;21960;40019;2;0;0;0;0;0;1;0;0;0;0;0;0;0;0;0;0;0;0;;;
13;15585;15510;42760;0;0;0;0;0;0;1;0;0;0;0;0;0;0;0;0;0;0;0;;;
12;10690;10467;36940;2;0;0;0;0;0;1;0;0;0;0;0;0;0;0;0;0;0;0;;;
15;10626;10317;32916;3;0;0;0;0;0;1;0;0;0;0;0;0;0;0;0;0;0;0;;;
16;14782;14417;42236;2;0;0;0;0;0;1;0;0;0;0;0;0;0;0;0;0;0;0;;;
16;16731;16203;41794;3;0;0;0;0;0;1;0;0;0;0;0;0;0;0;0;0;1;0;;;
14;24888;24269;83254;2;0;0;0;0;0;1;0;0;0;0;0;0;0;0;0;0;0;0;;;
20;26919;23081;43815;14;0;0;0;0;0;1;0;0;0;0;0;0;0;0;0;0;0;0;;;
19;26795;24368;47259;9;0;0;0;0;0;1;0;0;0;0;0;0;0;0;0;0;1;0;;;
21;22203;20897;56685;6;0;0;0;0;0;1;0;0;0;0;0;0;0;0;0;0;0;0;;;
19;26001;25267;56145;3;0;0;0;0;0;1;0;0;0;0;0;0;0;0;0;0;0;0;;;
23;30284;28991;65323;4;0;0;0;0;0;1;0;0;0;0;0;0;0;0;0;0;0;0;;;
23;20738;20010;53062;4;0;0;0;0;0;1;0;0;0;0;0;0;0;0;0;0;0;0;;;
24;22267;19433;43241;13;0;0;0;0;0;1;0;0;0;0;0;0;0;0;0;0;0;0;;;
23;13779;12405;42686;10;0;0;0;0;0;1;0;0;0;0;0;0;0;0;0;0;1;0;;;
26;18313;15000;43604;18;0;0;0;0;0;1;0;0;0;0;0;0;0;0;0;0;1;0;;;
25;31925;22205;53717;30;0;0;0;0;0;1;0;0;0;0;0;0;0;0;0;0;0;0;;;
26;47085;30943;56129;34;0;0;0;0;0;1;0;0;0;0;0;0;0;0;0;0;0;0;;;
27;31075;20654;41343;34;0;0;0;0;0;1;0;0;0;0;0;0;0;0;0;0;0;0;;;
25;30211;20540;50557;32;0;0;0;0;0;1;0;0;0;0;0;0;0;0;0;0;0;0;;;
27;19815;13833;49168;30;0;0;0;0;0;1;0;0;0;0;0;0;0;0;0;0;0;0;;;
26;33237;24255;40482;27;0;0;0;0;0;1;0;0;0;0;0;0;0;0;0;0;0;0;;;
25;48628;32617;71513;33;0;0;0;0;0;1;0;0;0;0;0;0;0;0;0;0;0;0;;;
25;31902;25489;33123;20;0;0;0;0;0;1;0;0;0;0;0;0;0;0;0;0;1;0;;;
23;25298;23106;42927;9;0;0;0;0;0;1;0;0;0;0;0;0;0;0;0;0;1;0;;;
20;23679;22533;50501;5;0;0;0;0;0;1;0;0;0;0;0;0;0;0;0;0;0;0;;;
18;16523;15401;43076;7;0;0;0;0;0;1;0;0;0;0;0;0;0;0;0;0;0;0;;;
17;17697;17121;49858;3;0;0;0;0;0;1;0;0;0;0;0;0;0;0;0;0;0;0;;;
18;19801;19009;45443;4;0;0;0;0;0;1;0;0;0;0;0;0;0;0;0;0;0;0;;;
17;16617;14733;35300;11;0;0;0;0;0;1;0;0;0;0;0;0;0;0;0;0;0;0;;;
17;21119;19902;39090;6;0;0;0;0;0;1;0;0;0;0;0;0;0;0;0;0;0;0;;;
13;16235;15712;63123;3;0;0;0;0;0;1;0;0;0;0;0;0;0;0;0;0;0;0;;;
14;21317;20033;48529;6;0;0;0;0;0;1;0;0;0;0;0;0;0;0;0;0;0;0;;;
15;20771;17895;47359;14;0;0;0;0;0;1;0;0;0;0;0;0;0;0;0;0;0;0;;;
12;20425;17958;39118;12;0;0;0;0;0;1;0;0;0;0;0;0;0;0;0;0;0;0;;;
8;12778;11736;55689;8;0;0;0;0;0;1;0;0;0;0;0;0;0;0;0;0;0;0;;;
11;14067;13839;31622;2;0;0;0;0;0;1;0;0;0;0;0;0;0;0;0;0;0;0;;;
9;12940;11507;36683;11;0;0;0;0;0;1;0;0;0;0;0;0;0;0;0;0;0;0;;;
10;16397;14887;52907;9;0;0;0;0;0;1;0;0;0;0;0;0;0;0;0;0;1;0;;;
9;19285;16871;76521;13;0;0;0;0;0;1;0;0;0;0;0;0;0;0;0;0;1;0;;;
4;22508;18115;91848;20;0;0;0;0;0;1;0;0;0;0;0;0;0;0;0;0;1;0;;;
1;15889;11868;56531;25;0;0;0;0;0;1;0;0;0;0;0;0;0;0;0;0;0;0;;;
6;22911;16933;37590;26;0;0;0;0;0;1;0;0;0;0;0;0;0;0;0;0;0;0;;;
12;28687;21819;44919;24;0;0;0;0;0;1;0;0;0;0;0;0;0;0;0;0;0;0;;;
11;30373;23089;54239;24;0;0;0;0;0;1;0;0;0;0;0;0;0;0;0;0;1;0;;;
9;24939;19378;63198;22;0;0;0;0;0;1;0;0;0;0;0;0;0;0;0;0;1;0;;;
4;20156;15845;52451;21;0;0;0;0;0;1;0;0;0;0;0;0;0;0;0;0;0;0;;;
3;22860;16029;55001;30;0;0;0;0;0;1;0;0;0;0;0;0;0;0;0;0;0;0;;;
10;38990;27708;61793;29;0;0;0;0;0;1;0;0;0;0;0;0;0;0;0;0;1;0;;;
8;30537;22348;58374;27;0;0;0;0;0;1;0;0;0;0;0;0;0;0;0;0;1;0;;;
7;54401;35021;70757;36;0;0;0;0;0;1;0;0;0;0;0;0;0;0;0;0;0;0;;;
6;29034;25144;70640;13;0;0;0;0;0;1;0;0;0;0;0;0;0;0;0;0;0;0;;;
11;37586;35056;59733;7;0;0;0;0;0;1;0;0;0;0;0;0;0;0;0;0;0;0;;;
11;56017;49350;55793;12;0;0;0;0;0;1;0;0;0;0;0;0;0;0;0;0;0;0;;;
10;45777;44275;51822;3;0;0;0;0;0;1;0;0;0;0;0;0;0;0;0;0;0;0;;;
14;36554;35805;37790;2;0;0;0;0;0;1;0;0;0;0;0;0;0;0;0;0;0;0;;;
10;29407;27954;47987;5;0;0;0;0;0;1;0;0;0;0;0;0;0;0;0;0;0;0;;;
17;43807;37766;23070;14;0;0;0;0;0;1;0;0;0;0;0;0;0;0;0;0;1;0;;;
18;47772;44971;54210;6;0;0;0;0;0;1;0;0;0;0;0;0;0;0;0;0;0;0;;;
19;30971;29885;57733;4;0;0;0;0;0;1;0;0;0;0;0;0;0;0;0;0;0;0;;;
19;30120;29400;73820;2;0;0;0;0;0;1;0;0;0;0;0;0;0;0;0;0;1;0;;;
19;27211;26268;68788;3;0;0;0;0;0;1;0;0;0;0;0;0;0;0;0;0;0;0;;;
20;36338;34749;67531;4;0;0;0;0;0;1;0;0;0;0;0;0;0;0;0;0;0;0;;;
21;26869;25591;53096;5;0;0;0;0;0;1;0;0;0;0;0;0;0;0;0;0;0;0;;;
22;41337;33138;53697;20;0;0;0;0;0;1;0;0;0;0;0;0;0;0;0;0;0;0;;;
21;33854;25212;44561;26;0;0;0;0;0;1;0;0;0;0;0;0;0;0;0;0;0;0;;;
23;43853;30859;46131;30;0;0;0;0;0;1;0;0;0;0;0;0;0;0;0;0;1;0;;;
25;56934;36270;79766;36;0;0;0;0;0;1;0;0;0;0;0;0;0;0;0;0;1;0;;;
25;72639;42547;62873;41;0;0;0;0;0;1;0;0;0;0;0;0;0;0;0;0;0;0;;;
26;22461;15589;55001;31;0;0;0;0;0;1;0;0;0;0;0;0;0;0;0;0;0;0;;;
28;21927;15281;49580;30;0;0;0;0;0;1;0;0;0;0;0;0;0;0;0;0;0;0;;;
27;23935;16597;59179;31;0;0;0;0;0;1;0;0;0;0;0;0;0;0;0;0;0;0;;;
27;18029;13045;40815;28;0;0;0;0;0;1;0;0;0;0;0;0;0;0;0;0;0;0;;;
26;21552;17357;89357;19;0;0;0;0;0;1;0;0;0;0;0;0;0;0;0;0;0;0;;;
25;20348;16305;127828;20;0;0;0;0;0;1;0;0;0;0;0;0;0;0;0;0;1;0;;;
26;28708;24937;163881;13;0;0;0;0;0;1;0;0;0;0;0;0;0;0;0;0;1;0;;;
24;25524;23537;135645;8;0;0;0;0;0;1;0;0;0;0;0;0;0;0;0;0;0;0;;;
23;19455;18886;118315;3;0;0;0;0;0;1;0;0;0;0;0;0;0;0;0;0;0;0;;;
23;32894;31977;133109;3;0;0;0;0;0;1;0;0;0;0;0;0;0;0;0;0;0;0;;;
19;21076;20544;96063;3;0;0;0;0;0;1;0;0;0;0;0;0;0;0;0;0;0;0;;;
19;18318;18032;109753;2;0;0;0;0;0;1;0;0;0;0;0;0;0;0;0;0;0;0;;;
17;13208;12750;7288;3;0;0;0;0;0;1;0;0;0;0;0;0;0;0;0;0;0;0;;;
7;12639;10416;39733;18;0;0;0;0;0;0;1;0;0;0;0;0;0;0;0;0;1;0;;;
8;18738;14058;28445;25;0;0;0;0;0;0;1;0;0;0;0;0;0;0;0;0;0;0;;;
11;16833;13530;39291;20;0;0;0;0;0;0;1;0;0;0;0;0;0;0;0;0;0;0;;;
12;62347;37641;60819;40;0;0;0;0;0;0;1;0;0;0;0;0;0;0;0;0;0;0;;;
5;86237;50303;79069;42;0;0;0;0;0;0;1;0;0;0;0;0;0;0;0;0;1;1;;;
9;41480;29584;82036;29;0;0;0;0;0;0;1;0;0;0;0;0;0;0;0;0;1;0;;;
12;60956;38818;87991;36;0;0;0;0;0;0;1;0;0;0;0;0;0;0;0;0;0;0;;;
10;22318;18927;72908;15;0;0;0;0;0;0;1;0;0;0;0;0;0;0;0;0;0;0;;;
8;41310;27286;68483;34;0;0;0;0;0;0;1;0;0;0;0;0;0;0;0;0;1;0;;;
10;22835;19495;57922;15;0;0;0;0;0;0;1;0;0;0;0;0;0;0;0;0;1;0;;;
8;20865;18529;47296;11;0;0;0;0;0;0;1;0;0;0;0;0;0;0;0;0;0;0;;;
13;22083;20894;42140;5;0;0;0;0;0;0;1;0;0;0;0;0;0;0;0;0;0;0;;;
12;17020;16716;35249;2;0;0;0;0;0;0;1;0;0;0;0;0;0;0;0;0;0;0;;;
13;17184;16845;44602;2;0;0;0;0;0;0;1;0;0;0;0;0;0;0;0;0;0;0;;;
11;19415;19232;20605;1;0;0;0;0;0;0;1;0;0;0;0;0;0;0;0;0;0;0;;;
15;19775;19399;39218;2;0;0;0;0;0;0;1;0;0;0;0;0;0;0;0;0;0;0;;;
16;17618;17377;40871;1;0;0;0;0;0;0;1;0;0;0;0;0;0;0;0;0;0;0;;;
17;18966;18606;29988;2;0;0;0;0;0;0;1;0;0;0;0;0;0;0;0;0;1;0;;;
14;21161;20942;56837;1;0;0;0;0;0;0;1;0;0;0;0;0;0;0;0;0;0;0;;;
19;18318;16104;35094;12;0;0;0;0;0;0;1;0;0;0;0;0;0;0;0;0;0;0;;;
19;13757;12747;31919;7;0;0;0;0;0;0;1;0;0;0;0;0;0;0;0;0;1;0;;;
21;15144;14822;46344;2;0;0;0;0;0;0;1;0;0;0;0;0;0;0;0;0;0;0;;;
19;22417;21995;33311;2;0;0;0;0;0;0;1;0;0;0;0;0;0;0;0;0;0;0;;;
23;20568;20311;59270;1;0;0;0;0;0;0;1;0;0;0;0;0;0;0;0;0;0;0;;;
22;14358;14083;38114;2;0;0;0;0;0;0;1;0;0;0;0;0;0;0;0;0;0;0;;;
24;11545;10299;24019;11;0;0;0;0;0;0;1;0;0;0;0;0;0;0;0;0;0;0;;;
23;11230;10640;33224;5;0;0;0;0;0;0;1;0;0;0;0;0;0;0;0;0;1;0;;;
26;23430;19388;31302;17;0;0;0;0;0;0;1;0;0;0;0;0;0;0;0;0;1;0;;;
25;32821;23326;36972;29;0;0;0;0;0;0;1;0;0;0;0;0;0;0;0;0;0;0;;;
26;53738;37528;63978;30;0;0;0;0;0;0;1;0;0;0;0;0;0;0;0;0;0;0;;;
27;15768;11148;30176;29;0;0;0;0;0;0;1;0;0;0;0;0;0;0;0;0;0;0;;;
26;17844;13049;33799;27;0;0;0;0;0;0;1;0;0;0;0;0;0;0;0;0;0;0;;;
27;19487;14535;32552;25;0;0;0;0;0;0;1;0;0;0;0;0;0;0;0;0;0;0;;;
26;19454;14590;28553;25;0;0;0;0;0;0;1;0;0;0;0;0;0;0;0;0;0;0;;;
25;125222;67888;31287;46;0;0;0;0;0;0;1;0;0;0;0;0;0;0;0;0;0;1;;;
25;32074;24231;40232;24;0;0;0;0;0;0;1;0;0;0;0;0;0;0;0;0;1;0;;;
23;24695;22748;38689;8;0;0;0;0;0;0;1;0;0;0;0;0;0;0;0;0;1;0;;;
21;19343;19120;31437;1;0;0;0;0;0;0;1;0;0;0;0;0;0;0;0;0;0;0;;;
18;12860;12857;35982;0;0;0;0;0;0;0;1;0;0;0;0;0;0;0;0;0;0;0;;;
17;22032;21898;43939;1;0;0;0;0;0;0;1;0;0;0;0;0;0;0;0;0;0;0;;;
18;12629;12323;31869;2;0;0;0;0;0;0;1;0;0;0;0;0;0;0;0;0;0;0;;;
18;10230;9543;36187;7;0;0;0;0;0;0;1;0;0;0;0;0;0;0;0;0;0;0;;;
18;17774;17544;27946;1;0;0;0;0;0;0;1;0;0;0;0;0;0;0;0;0;0;0;;;
12;17414;17049;51560;2;0;0;0;0;0;0;1;0;0;0;0;0;0;0;0;0;0;0;;;
14;16354;15550;39613;5;0;0;0;0;0;0;1;0;0;0;0;0;0;0;0;0;0;0;;;
15;13064;12644;27630;3;0;0;0;0;0;0;1;0;0;0;0;0;0;0;0;0;0;0;;;
13;14213;13292;34065;6;0;0;0;0;0;0;1;0;0;0;0;0;0;0;0;0;0;0;;;
8;12819;12510;35966;2;0;0;0;0;0;0;1;0;0;0;0;0;0;0;0;0;0;0;;;
11;11669;11724;34999;0;0;0;0;0;0;0;1;0;0;0;0;0;0;0;0;0;0;0;;;
9;12368;11778;35548;5;0;0;0;0;0;0;1;0;0;0;0;0;0;0;0;0;0;0;;;
10;14768;13566;35117;8;0;0;0;0;0;0;1;0;0;0;0;0;0;0;0;0;1;0;;;
9;15837;14465;31714;9;0;0;0;0;0;0;1;0;0;0;0;0;0;0;0;0;1;0;;;
5;12257;10216;70691;17;0;0;0;0;0;0;1;0;0;0;0;0;0;0;0;0;1;0;;;
2;9898;8758;38430;12;0;0;0;0;0;0;1;0;0;0;0;0;0;0;0;0;0;0;;;
7;14488;11052;22515;24;0;0;0;0;0;0;1;0;0;0;0;0;0;0;0;0;0;0;;;
12;20146;15389;27053;24;0;0;0;0;0;0;1;0;0;0;0;0;0;0;0;0;0;0;;;
11;18097;13741;40436;24;0;0;0;0;0;0;1;0;0;0;0;0;0;0;0;0;1;0;;;
9;19231;15436;43636;20;0;0;0;0;0;0;1;0;0;0;0;0;0;0;0;0;1;0;;;
4;16528;13446;58046;19;0;0;0;0;0;0;1;0;0;0;0;0;0;0;0;0;0;0;;;
3;16225;12502;45908;23;0;0;0;0;0;0;1;0;0;0;0;0;0;0;0;0;0;0;;;
10;17943;13406;45375;25;0;0;0;0;0;0;1;0;0;0;0;0;0;0;0;0;1;0;;;
8;21400;15985;44634;25;0;0;0;0;0;0;1;0;0;0;0;0;0;0;0;0;1;0;;;
7;27616;21245;52096;23;0;0;0;0;0;0;1;0;0;0;0;0;0;0;0;0;0;0;;;
6;20145;19674;30369;2;0;0;0;0;0;0;1;0;0;0;0;0;0;0;0;0;0;0;;;
11;30641;29955;30426;2;0;0;0;0;0;0;1;0;0;0;0;0;0;0;0;0;0;0;;;
11;40438;39746;26813;2;0;0;0;0;0;0;1;0;0;0;0;0;0;0;0;0;0;0;;;
9;42262;41985;21295;1;0;0;0;0;0;0;1;0;0;0;0;0;0;0;0;0;0;0;;;
13;41405;41153;28830;1;0;0;0;0;0;0;1;0;0;0;0;0;0;0;0;0;0;0;;;
11;35320;34664;25593;2;0;0;0;0;0;0;1;0;0;0;0;0;0;0;0;0;0;0;;;
17;41851;35221;13587;16;0;0;0;0;0;0;1;0;0;0;0;0;0;0;0;0;1;0;;;
17;41746;39561;60564;5;0;0;0;0;0;0;1;0;0;0;0;0;0;0;0;0;0;0;;;
19;36087;35560;59898;1;0;0;0;0;0;0;1;0;0;0;0;0;0;0;0;0;0;0;;;
19;20397;19792;73198;3;0;0;0;0;0;0;1;0;0;0;0;0;0;0;0;0;1;0;;;
19;22122;21492;54616;3;0;0;0;0;0;0;1;0;0;0;0;0;0;0;0;0;0;0;;;
20;27599;26555;56300;4;0;0;0;0;0;0;1;0;0;0;0;0;0;0;0;0;0;0;;;
21;25390;24267;54542;4;0;0;0;0;0;0;1;0;0;0;0;0;0;0;0;0;0;0;;;
23;41151;33603;55733;18;0;0;0;0;0;0;1;0;0;0;0;0;0;0;0;0;0;0;;;
21;43816;32888;46188;25;0;0;0;0;0;0;1;0;0;0;0;0;0;0;0;0;0;0;;;
23;46313;32168;51166;31;0;0;0;0;0;0;1;0;0;0;0;0;0;0;0;0;1;0;;;
25;77656;49121;93126;37;0;0;0;0;0;0;1;0;0;0;0;0;0;0;0;0;1;0;;;
25;72455;42861;120702;41;0;0;0;0;0;0;1;0;0;0;0;0;0;0;0;0;0;0;;;
26;17177;12163;71367;29;0;0;0;0;0;0;1;0;0;0;0;0;0;0;0;0;0;0;;;
28;42200;23236;41194;45;0;0;0;0;0;0;1;0;0;0;0;0;0;0;0;0;0;0;;;
27;35559;24346;113423;32;0;0;0;0;0;0;1;0;0;0;0;0;0;0;0;0;0;0;;;
27;24627;18419;132378;25;0;0;0;0;0;0;1;0;0;0;0;0;0;0;0;0;0;0;;;
26;23127;17791;157997;23;0;0;0;0;0;0;1;0;0;0;0;0;0;0;0;0;0;0;;;
25;17423;13980;108784;20;0;0;0;0;0;0;1;0;0;0;0;0;0;0;0;0;1;0;;;
26;31622;25481;145736;19;0;0;0;0;0;0;1;0;0;0;0;0;0;0;0;0;1;0;;;
24;32694;27641;207576;15;0;0;0;0;0;0;1;0;0;0;0;0;0;0;0;0;0;0;;;
23;37485;31872;201451;15;0;0;0;0;0;0;1;0;0;0;0;0;0;0;0;0;0;0;;;
23;37936;34751;244196;8;0;0;0;0;0;0;1;0;0;0;0;0;0;0;0;0;0;0;;;
19;20875;19113;164665;8;0;0;0;0;0;0;1;0;0;0;0;0;0;0;0;0;0;0;;;
19;10720;10348;90760;3;0;0;0;0;0;0;1;0;0;0;0;0;0;0;0;0;0;0;;;
17;11315;11056;8263;2;0;0;0;0;0;0;1;0;0;0;0;0;0;0;0;0;0;0;;;
7;12176;10476;59027;14;0;0;0;0;0;0;0;1;0;0;0;0;0;0;0;0;1;0;;;
8;10370;7720;37697;26;0;0;0;0;0;0;0;1;0;0;0;0;0;0;0;0;0;0;;;
12;10133;7902;37413;22;0;0;0;0;0;0;0;1;0;0;0;0;0;0;0;0;0;0;;;
12;13785;10304;47082;25;0;0;0;0;0;0;0;1;0;0;0;0;0;0;0;0;0;0;;;
4;21996;15511;60478;29;0;0;0;0;0;0;0;1;0;0;0;0;0;0;0;0;1;0;;;
8;23056;17078;58168;26;0;0;0;0;0;0;0;1;0;0;0;0;0;0;0;0;1;0;;;
12;23483;17848;67192;24;0;0;0;0;0;0;0;1;0;0;0;0;0;0;0;0;0;0;;;
10;19211;15051;65025;22;0;0;0;0;0;0;0;1;0;0;0;0;0;0;0;0;0;0;;;
7;25848;18222;54811;30;0;0;0;0;0;0;0;1;0;0;0;0;0;0;0;0;1;0;;;
10;17364;15267;58213;12;0;0;0;0;0;0;0;1;0;0;0;0;0;0;0;0;1;0;;;
8;12363;11338;59958;8;0;0;0;0;0;0;0;1;0;0;0;0;0;0;0;0;0;0;;;
13;13653;12782;55425;6;0;0;0;0;0;0;0;1;0;0;0;0;0;0;0;0;0;0;;;
11;15217;15098;37323;1;0;0;0;0;0;0;0;1;0;0;0;0;0;0;0;0;0;0;;;
13;13421;13228;22433;1;0;0;0;0;0;0;0;1;0;0;0;0;0;0;0;0;0;0;;;
12;15494;15262;36808;1;0;0;0;0;0;0;0;1;0;0;0;0;0;0;0;0;0;0;;;
15;17481;17214;32967;2;0;0;0;0;0;0;0;1;0;0;0;0;0;0;0;0;0;0;;;
16;11270;11192;36415;1;0;0;0;0;0;0;0;1;0;0;0;0;0;0;0;0;0;0;;;
17;14107;13846;33895;2;0;0;0;0;0;0;0;1;0;0;0;0;0;0;0;0;1;0;;;
14;16762;16382;38055;2;0;0;0;0;0;0;0;1;0;0;0;0;0;0;0;0;0;0;;;
20;12100;10514;38837;13;0;0;0;0;0;0;0;1;0;0;0;0;0;0;0;0;0;0;;;
19;12880;11572;32640;10;0;0;0;0;0;0;0;1;0;0;0;0;0;0;0;0;1;0;;;
21;11017;10910;35150;1;0;0;0;0;0;0;0;1;0;0;0;0;0;0;0;0;0;0;;;
20;12027;11716;44992;3;0;0;0;0;0;0;0;1;0;0;0;0;0;0;0;0;0;0;;;
23;8037;7845;31874;2;0;0;0;0;0;0;0;1;0;0;0;0;0;0;0;0;0;0;;;
23;13365;13023;32689;3;0;0;0;0;0;0;0;1;0;0;0;0;0;0;0;0;0;0;;;
24;8654;7746;27463;10;0;0;0;0;0;0;0;1;0;0;0;0;0;0;0;0;0;0;;;
23;8089;7601;33114;6;0;0;0;0;0;0;0;1;0;0;0;0;0;0;0;0;1;0;;;
26;12144;10318;28905;15;0;0;0;0;0;0;0;1;0;0;0;0;0;0;0;0;1;0;;;
25;19108;14083;35720;26;0;0;0;0;0;0;0;1;0;0;0;0;0;0;0;0;0;0;;;
26;31163;21703;51953;30;0;0;0;0;0;0;0;1;0;0;0;0;0;0;0;0;0;0;;;
27;14909;10423;35013;30;0;0;0;0;0;0;0;1;0;0;0;0;0;0;0;0;0;0;;;
25;12241;8682;33581;29;0;0;0;0;0;0;0;1;0;0;0;0;0;0;0;0;0;0;;;
27;13484;10235;30681;24;0;0;0;0;0;0;0;1;0;0;0;0;0;0;0;0;0;0;;;
25;11365;9003;25932;21;0;0;0;0;0;0;0;1;0;0;0;0;0;0;0;0;0;0;;;
25;18135;12160;45488;33;0;0;0;0;0;0;0;1;0;0;0;0;0;0;0;0;0;0;;;
25;17130;13953;32571;19;0;0;0;0;0;0;0;1;0;0;0;0;0;0;0;0;1;0;;;
23;18603;16760;52863;10;0;0;0;0;0;0;0;1;0;0;0;0;0;0;0;0;1;0;;;
21;8690;8687;30818;0;0;0;0;0;0;0;0;1;0;0;0;0;0;0;0;0;0;0;;;
17;9699;9386;26342;3;0;0;0;0;0;0;0;1;0;0;0;0;0;0;0;0;0;0;;;
17;13287;13183;58919;1;0;0;0;0;0;0;0;1;0;0;0;0;0;0;0;0;0;0;;;
18;9600;9445;37041;2;0;0;0;0;0;0;0;1;0;0;0;0;0;0;0;0;0;0;;;
18;5920;5641;34555;5;0;0;0;0;0;0;0;1;0;0;0;0;0;0;0;0;0;0;;;
17;12276;11949;30584;3;0;0;0;0;0;0;0;1;0;0;0;0;0;0;0;0;0;0;;;
12;10311;10249;35674;1;0;0;0;0;0;0;0;1;0;0;0;0;0;0;0;0;0;0;;;
14;9756;9420;30147;3;0;0;0;0;0;0;0;1;0;0;0;0;0;0;0;0;0;0;;;
14;13224;12893;32836;2;0;0;0;0;0;0;0;1;0;0;0;0;0;0;0;0;0;0;;;
11;9570;9231;39035;4;0;0;0;0;0;0;0;1;0;0;0;0;0;0;0;0;0;0;;;
8;10454;10270;32550;2;0;0;0;0;0;0;0;1;0;0;0;0;0;0;0;0;0;0;;;
11;9764;9714;23263;1;0;0;0;0;0;0;0;1;0;0;0;0;0;0;0;0;0;0;;;
9;7310;6203;28400;15;0;0;0;0;0;0;0;1;0;0;0;0;0;0;0;0;0;0;;;
10;9516;8604;42222;10;0;0;0;0;0;0;0;1;0;0;0;0;0;0;0;0;1;0;;;
10;9199;8041;38545;13;0;0;0;0;0;0;0;1;0;0;0;0;0;0;0;0;1;0;;;
4;8079;5941;49256;26;0;0;0;0;0;0;0;1;0;0;0;0;0;0;0;0;1;0;;;
2;4500;3301;27033;27;0;0;0;0;0;0;0;1;0;0;0;0;0;0;0;0;0;0;;;
7;10227;7707;23657;25;0;0;0;0;0;0;0;1;0;0;0;0;0;0;0;0;0;0;;;
13;12011;9208;29026;23;0;0;0;0;0;0;0;1;0;0;0;0;0;0;0;0;0;0;;;
11;15140;11888;49487;21;0;0;0;0;0;0;0;1;0;0;0;0;0;0;0;0;1;0;;;
9;16077;13065;54654;19;0;0;0;0;0;0;0;1;0;0;0;0;0;0;0;0;1;0;;;
4;12986;10817;56501;17;0;0;0;0;0;0;0;1;0;0;0;0;0;0;0;0;0;0;;;
4;9774;7195;52085;26;0;0;0;0;0;0;0;1;0;0;0;0;0;0;0;0;0;0;;;
10;14888;11596;47579;22;0;0;0;0;0;0;0;1;0;0;0;0;0;0;0;0;1;0;;;
8;16240;12500;48002;23;0;0;0;0;0;0;0;1;0;0;0;0;0;0;0;0;1;0;;;
7;19636;15361;54008;22;0;0;0;0;0;0;0;1;0;0;0;0;0;0;0;0;0;0;;;
6;15020;13043;47593;13;0;0;0;0;0;0;0;1;0;0;0;0;0;0;0;0;0;0;;;
11;16996;15394;38834;9;0;0;0;0;0;0;0;1;0;0;0;0;0;0;0;0;0;0;;;
11;27436;26681;37719;3;0;0;0;0;0;0;0;1;0;0;0;0;0;0;0;0;0;0;;;
9;19789;19414;47162;2;0;0;0;0;0;0;0;1;0;0;0;0;0;0;0;0;0;0;;;
14;20828;20604;23406;1;0;0;0;0;0;0;0;1;0;0;0;0;0;0;0;0;0;0;;;
11;16015;15368;30930;4;0;0;0;0;0;0;0;1;0;0;0;0;0;0;0;0;0;0;;;
16;30000;25564;13278;15;0;0;0;0;0;0;0;1;0;0;0;0;0;0;0;0;1;0;;;
17;31330;29524;68868;6;0;0;0;0;0;0;0;1;0;0;0;0;0;0;0;0;0;0;;;
18;24169;23750;54342;2;0;0;0;0;0;0;0;1;0;0;0;0;0;0;0;0;0;0;;;
20;24451;24120;43681;1;0;0;0;0;0;0;0;1;0;0;0;0;0;0;0;0;1;0;;;
19;18175;17631;34372;3;0;0;0;0;0;0;0;1;0;0;0;0;0;0;0;0;0;0;;;
20;23996;23162;44506;3;0;0;0;0;0;0;0;1;0;0;0;0;0;0;0;0;0;0;;;
21;15460;14485;41464;6;0;0;0;0;0;0;0;1;0;0;0;0;0;0;0;0;0;0;;;
22;31315;24948;50334;20;0;0;0;0;0;0;0;1;0;0;0;0;0;0;0;0;0;0;;;
21;31102;23092;46244;26;0;0;0;0;0;0;0;1;0;0;0;0;0;0;0;0;0;0;;;
23;34089;23601;39158;31;0;0;0;0;0;0;0;1;0;0;0;0;0;0;0;0;1;0;;;
25;36271;22597;68888;38;0;0;0;0;0;0;0;1;0;0;0;0;0;0;0;0;1;0;;;
25;51538;30590;82899;41;0;0;0;0;0;0;0;1;0;0;0;0;0;0;0;0;0;0;;;
26;14440;9863;43735;32;0;0;0;0;0;0;0;1;0;0;0;0;0;0;0;0;0;0;;;
28;9901;6625;43945;33;0;0;0;0;0;0;0;1;0;0;0;0;0;0;0;0;0;0;;;
27;13213;9314;54098;30;0;0;0;0;0;0;0;1;0;0;0;0;0;0;0;0;0;0;;;
27;15261;11402;80095;25;0;0;0;0;0;0;0;1;0;0;0;0;0;0;0;0;0;0;;;
26;15478;12029;98363;22;0;0;0;0;0;0;0;1;0;0;0;0;0;0;0;0;0;0;;;
25;19464;15810;101308;19;0;0;0;0;0;0;0;1;0;0;0;0;0;0;0;0;1;0;;;
26;22516;18786;124221;17;0;0;0;0;0;0;0;1;0;0;0;0;0;0;0;0;1;0;;;
24;22144;18565;140662;16;0;0;0;0;0;0;0;1;0;0;0;0;0;0;0;0;0;0;;;
23;11726;11402;110801;3;0;0;0;0;0;0;0;1;0;0;0;0;0;0;0;0;0;0;;;
23;29835;29385;152409;2;0;0;0;0;0;0;0;1;0;0;0;0;0;0;0;0;0;0;;;
19;14434;14163;101305;2;0;0;0;0;0;0;0;1;0;0;0;0;0;0;0;0;0;0;;;
18;11829;11594;73467;2;0;0;0;0;0;0;0;1;0;0;0;0;0;0;0;0;0;0;;;
17;15573;15064;8158;3;0;0;0;0;0;0;0;1;0;0;0;0;0;0;0;0;0;0;;;
27;3790;2723;39972;28;0;0;0;0;0;0;0;0;1;0;0;0;0;0;0;0;0;0;;;
27;8085;5841;110740;28;0;0;0;0;0;0;0;0;1;0;0;0;0;0;0;0;0;0;;;
27;13103;10127;80425;23;0;0;0;0;0;0;0;0;1;0;0;0;0;0;0;0;0;0;;;
26;12346;10129;112054;18;0;0;0;0;0;0;0;0;1;0;0;0;0;0;0;0;0;0;;;
25;13060;10649;64399;18;0;0;0;0;0;0;0;0;1;0;0;0;0;0;0;0;0;0;;;
26;17193;14258;81355;17;0;0;0;0;0;0;0;0;1;0;0;0;0;0;0;0;1;0;;;
24;20336;16628;94822;18;0;0;0;0;0;0;0;0;1;0;0;0;0;0;0;0;1;0;;;
23;12054;11641;91370;3;0;0;0;0;0;0;0;0;1;0;0;0;0;0;0;0;0;0;;;
24;18860;18728;127327;1;0;0;0;0;0;0;0;0;1;0;0;0;0;0;0;0;0;0;;;
19;10656;10526;75605;1;0;0;0;0;0;0;0;0;1;0;0;0;0;0;0;0;0;0;;;
19;4844;4754;41550;2;0;0;0;0;0;0;0;0;1;0;0;0;0;0;0;0;0;0;;;
18;8622;8309;2081;4;0;0;0;0;0;0;0;0;1;0;0;0;0;0;0;0;0;0;;;
18;30743;29434;62363;4;0;0;0;0;0;0;0;0;0;1;0;0;0;0;0;0;0;0;;;
19;23060;22677;71528;2;0;0;0;0;0;0;0;0;0;1;0;0;0;0;0;0;0;0;;;
19;20779;20356;71553;2;0;0;0;0;0;0;0;0;0;1;0;0;0;0;0;0;1;0;;;
19;20705;20001;46415;3;0;0;0;0;0;0;0;0;0;1;0;0;0;0;0;0;0;0;;;
20;19501;19126;51893;2;0;0;0;0;0;0;0;0;0;1;0;0;0;0;0;0;0;0;;;
22;20239;19710;64615;3;0;0;0;0;0;0;0;0;0;1;0;0;0;0;0;0;0;0;;;
23;19316;15181;51235;21;0;0;0;0;0;0;0;0;0;1;0;0;0;0;0;0;0;0;;;
21;29820;22070;53251;26;0;0;0;0;0;0;0;0;0;1;0;0;0;0;0;0;0;0;;;
23;29034;20368;52604;30;0;0;0;0;0;0;0;0;0;1;0;0;0;0;0;0;1;0;;;
25;35060;23136;98217;34;0;0;0;0;0;0;0;0;0;1;0;0;0;0;0;0;1;0;;;
25;40042;23572;81206;41;0;0;0;0;0;0;0;0;0;1;0;0;0;0;0;0;0;0;;;
26;18738;13023;68327;30;0;0;0;0;0;0;0;0;0;1;0;0;0;0;0;0;0;0;;;
28;15255;10504;64428;31;0;0;0;0;0;0;0;0;0;1;0;0;0;0;0;0;0;0;;;
27;16587;11381;66334;31;0;0;0;0;0;0;0;0;0;1;0;0;0;0;0;0;0;0;;;
27;16712;11721;83073;30;0;0;0;0;0;0;0;0;0;1;0;0;0;0;0;0;0;0;;;
26;17393;12835;135789;26;0;0;0;0;0;0;0;0;0;1;0;0;0;0;0;0;0;0;;;
25;19903;15280;156824;23;0;0;0;0;0;0;0;0;0;1;0;0;0;0;0;0;1;0;;;
26;24235;19292;166006;20;0;0;0;0;0;0;0;0;0;1;0;0;0;0;0;0;1;0;;;
24;21109;17456;193799;17;0;0;0;0;0;0;0;0;0;1;0;0;0;0;0;0;0;0;;;
23;24837;19887;191488;20;0;0;0;0;0;0;0;0;0;1;0;0;0;0;0;0;0;0;;;
24;35742;31081;326788;13;0;0;0;0;0;0;0;0;0;1;0;0;0;0;0;0;0;0;;;
20;14127;13733;138110;3;0;0;0;0;0;0;0;0;0;1;0;0;0;0;0;0;0;0;;;
18;6825;6795;90552;0;0;0;0;0;0;0;0;0;0;1;0;0;0;0;0;0;0;0;;;
17;5570;5310;5017;5;0;0;0;0;0;0;0;0;0;1;0;0;0;0;0;0;0;0;;;
7;6931;5701;18969;18;0;0;0;0;0;0;0;0;0;0;1;0;0;0;0;0;1;0;;;
8;5952;4422;14169;26;0;0;0;0;0;0;0;0;0;0;1;0;0;0;0;0;0;0;;;
12;5694;4487;20311;21;0;0;0;0;0;0;0;0;0;0;1;0;0;0;0;0;0;0;;;
12;6457;4835;21206;25;0;0;0;0;0;0;0;0;0;0;1;0;0;0;0;0;0;0;;;
5;12515;9134;31280;27;0;0;0;0;0;0;0;0;0;0;1;0;0;0;0;0;1;0;;;
8;11329;8505;29414;25;0;0;0;0;0;0;0;0;0;0;1;0;0;0;0;0;1;0;;;
11;15691;11784;32291;25;0;0;0;0;0;0;0;0;0;0;1;0;0;0;0;0;0;0;;;
11;12763;10307;22174;19;0;0;0;0;0;0;0;0;0;0;1;0;0;0;0;0;0;0;;;
8;20093;13593;29458;32;0;0;0;0;0;0;0;0;0;0;1;0;0;0;0;0;1;0;;;
11;8915;7565;24856;15;0;0;0;0;0;0;0;0;0;0;1;0;0;0;0;0;1;0;;;
8;13725;11727;23542;15;0;0;0;0;0;0;0;0;0;0;1;0;0;0;0;0;0;0;;;
13;7841;7257;22706;7;0;0;0;0;0;0;0;0;0;0;1;0;0;0;0;0;0;0;;;
12;5550;5550;10614;0;0;0;0;0;0;0;0;0;0;0;1;0;0;0;0;0;0;0;;;
13;7975;7921;11664;1;0;0;0;0;0;0;0;0;0;0;1;0;0;0;0;0;0;0;;;
11;7794;7723;11523;1;0;0;0;0;0;0;0;0;0;0;1;0;0;0;0;0;0;0;;;
15;12191;12191;11399;0;0;0;0;0;0;0;0;0;0;0;1;0;0;0;0;0;0;0;;;
16;11494;11376;12462;1;0;0;0;0;0;0;0;0;0;0;1;0;0;0;0;0;0;0;;;
16;10328;10075;14138;2;0;0;0;0;0;0;0;0;0;0;1;0;0;0;0;0;1;0;;;
14;8537;8488;16042;1;0;0;0;0;0;0;0;0;0;0;1;0;0;0;0;0;0;0;;;
20;8886;7905;15777;11;0;0;0;0;0;0;0;0;0;0;1;0;0;0;0;0;0;0;;;
19;8361;7906;10483;5;0;0;0;0;0;0;0;0;0;0;1;0;0;0;0;0;1;0;;;
21;6682;6600;15059;1;0;0;0;0;0;0;0;0;0;0;1;0;0;0;0;0;0;0;;;
19;7114;7074;13334;1;0;0;0;0;0;0;0;0;0;0;1;0;0;0;0;0;0;0;;;
23;6781;6556;14914;3;0;0;0;0;0;0;0;0;0;0;1;0;0;0;0;0;0;0;;;
22;7824;7701;16612;2;0;0;0;0;0;0;0;0;0;0;1;0;0;0;0;0;0;0;;;
24;7973;7171;14259;10;0;0;0;0;0;0;0;0;0;0;1;0;0;0;0;0;0;0;;;
23;5702;5145;13627;10;0;0;0;0;0;0;0;0;0;0;1;0;0;0;0;0;1;0;;;
25;6200;4979;10745;20;0;0;0;0;0;0;0;0;0;0;1;0;0;0;0;0;1;0;;;
24;16531;11474;16740;31;0;0;0;0;0;0;0;0;0;0;1;0;0;0;0;0;0;0;;;
26;20445;13401;23155;34;0;0;0;0;0;0;0;0;0;0;1;0;0;0;0;0;0;0;;;
27;10845;7211;14015;34;0;0;0;0;0;0;0;0;0;0;1;0;0;0;0;0;0;0;;;
26;6968;4411;13266;37;0;0;0;0;0;0;0;0;0;0;1;0;0;0;0;0;0;0;;;
27;6777;4555;16614;33;0;0;0;0;0;0;0;0;0;0;1;0;0;0;0;0;0;0;;;
25;5222;3526;15346;32;0;0;0;0;0;0;0;0;0;0;1;0;0;0;0;0;0;0;;;
25;7334;5154;17453;30;0;0;0;0;0;0;0;0;0;0;1;0;0;0;0;0;0;0;;;
25;13019;9286;16265;29;0;0;0;0;0;0;0;0;0;0;1;0;0;0;0;0;1;0;;;
23;12590;11354;18653;10;0;0;0;0;0;0;0;0;0;0;1;0;0;0;0;0;1;0;;;
21;10557;10453;14658;1;0;0;0;0;0;0;0;0;0;0;1;0;0;0;0;0;0;0;;;
18;9944;9925;15931;0;0;0;0;0;0;0;0;0;0;0;1;0;0;0;0;0;0;0;;;
17;10481;10393;22391;1;0;0;0;0;0;0;0;0;0;0;1;0;0;0;0;0;0;0;;;
18;9534;9339;15430;2;0;0;0;0;0;0;0;0;0;0;1;0;0;0;0;0;0;0;;;
18;7717;7254;12095;6;0;0;0;0;0;0;0;0;0;0;1;0;0;0;0;0;0;0;;;
17;6930;6580;10695;5;0;0;0;0;0;0;0;0;0;0;1;0;0;0;0;0;0;0;;;
12;4569;4475;17296;2;0;0;0;0;0;0;0;0;0;0;1;0;0;0;0;0;0;0;;;
14;5928;5218;15662;12;0;0;0;0;0;0;0;0;0;0;1;0;0;0;0;0;0;0;;;
14;6793;6016;13588;11;0;0;0;0;0;0;0;0;0;0;1;0;0;0;0;0;0;0;;;
12;5426;5207;13351;4;0;0;0;0;0;0;0;0;0;0;1;0;0;0;0;0;0;0;;;
8;4998;4861;16045;3;0;0;0;0;0;0;0;0;0;0;1;0;0;0;0;0;0;0;;;
11;5975;5929;13121;1;0;0;0;0;0;0;0;0;0;0;1;0;0;0;0;0;0;0;;;
10;6269;6075;13290;3;0;0;0;0;0;0;0;0;0;0;1;0;0;0;0;0;0;0;;;
10;8900;8137;16658;9;0;0;0;0;0;0;0;0;0;0;1;0;0;0;0;0;1;0;;;
9;8895;7711;26481;13;0;0;0;0;0;0;0;0;0;0;1;0;0;0;0;0;1;0;;;
4;7289;5909;24556;19;0;0;0;0;0;0;0;0;0;0;1;0;0;0;0;0;1;0;;;
2;5219;4013;14332;23;0;0;0;0;0;0;0;0;0;0;1;0;0;0;0;0;0;0;;;
6;11330;8705;13809;23;0;0;0;0;0;0;0;0;0;0;1;0;0;0;0;0;0;0;;;
12;12965;9598;12632;26;0;0;0;0;0;0;0;0;0;0;1;0;0;0;0;0;0;0;;;
10;8600;6394;16280;26;0;0;0;0;0;0;0;0;0;0;1;0;0;0;0;0;1;0;;;
8;12766;10088;21849;21;0;0;0;0;0;0;0;0;0;0;1;0;0;0;0;0;1;0;;;
4;12435;10001;30063;20;0;0;0;0;0;0;0;0;0;0;1;0;0;0;0;0;0;0;;;
4;8191;5987;20939;27;0;0;0;0;0;0;0;0;0;0;1;0;0;0;0;0;0;0;;;
10;18944;13426;30274;29;0;0;0;0;0;0;0;0;0;0;1;0;0;0;0;0;1;0;;;
8;19868;14886;25173;25;0;0;0;0;0;0;0;0;0;0;1;0;0;0;0;0;1;0;;;
7;17799;13152;27992;26;0;0;0;0;0;0;0;0;0;0;1;0;0;0;0;0;0;0;;;
6;16075;14859;25574;8;0;0;0;0;0;0;0;0;0;0;1;0;0;0;0;0;0;0;;;
11;18443;17765;19299;4;0;0;0;0;0;0;0;0;0;0;1;0;0;0;0;0;0;0;;;
11;19137;17980;21218;6;0;0;0;0;0;0;0;0;0;0;1;0;0;0;0;0;0;0;;;
9;15838;15644;14812;1;0;0;0;0;0;0;0;0;0;0;1;0;0;0;0;0;0;0;;;
14;12461;12349;12602;1;0;0;0;0;0;0;0;0;0;0;1;0;0;0;0;0;0;0;;;
11;11642;11514;19871;1;0;0;0;0;0;0;0;0;0;0;1;0;0;0;0;0;0;0;;;
17;16293;15196;7366;7;0;0;0;0;0;0;0;0;0;0;1;0;0;0;0;0;1;0;;;
17;32414;31029;56084;4;0;0;0;0;0;0;0;0;0;0;1;0;0;0;0;0;0;0;;;
19;20320;19893;57021;2;0;0;0;0;0;0;0;0;0;0;1;0;0;0;0;0;0;0;;;
19;18794;18349;42052;2;0;0;0;0;0;0;0;0;0;0;1;0;0;0;0;0;1;0;;;
19;12616;12375;40654;2;0;0;0;0;0;0;0;0;0;0;1;0;0;0;0;0;0;0;;;
20;13800;13547;38825;2;0;0;0;0;0;0;0;0;0;0;1;0;0;0;0;0;0;0;;;
22;17272;16907;53758;2;0;0;0;0;0;0;0;0;0;0;1;0;0;0;0;0;0;0;;;
22;29243;23854;45850;18;0;0;0;0;0;0;0;0;0;0;1;0;0;0;0;0;0;0;;;
21;26484;19648;35688;26;0;0;0;0;0;0;0;0;0;0;1;0;0;0;0;0;0;0;;;
23;25393;17850;43630;30;0;0;0;0;0;0;0;0;0;0;1;0;0;0;0;0;1;0;;;
25;36965;23066;55058;38;0;0;0;0;0;0;0;0;0;0;1;0;0;0;0;0;1;0;;;
24;48994;29030;65835;41;0;0;0;0;0;0;0;0;0;0;1;0;0;0;0;0;0;0;;;
26;15418;10306;32740;33;0;0;0;0;0;0;0;0;0;0;1;0;0;0;0;0;0;0;;;
28;10133;6865;38167;32;0;0;0;0;0;0;0;0;0;0;1;0;0;0;0;0;0;0;;;
27;9376;6622;50972;29;0;0;0;0;0;0;0;0;0;0;1;0;0;0;0;0;0;0;;;
27;11648;8739;74373;25;0;0;0;0;0;0;0;0;0;0;1;0;0;0;0;0;0;0;;;
26;10702;8129;85058;24;0;0;0;0;0;0;0;0;0;0;1;0;0;0;0;0;0;0;;;
25;11345;10097;97460;11;0;0;0;0;0;0;0;0;0;0;1;0;0;0;0;0;1;0;;;
26;11124;10282;102826;8;0;0;0;0;0;0;0;0;0;0;1;0;0;0;0;0;1;0;;;
24;14763;14315;123995;3;0;0;0;0;0;0;0;0;0;0;1;0;0;0;0;0;0;0;;;
23;11286;11022;140911;2;0;0;0;0;0;0;0;0;0;0;1;0;0;0;0;0;0;0;;;
24;20351;20122;128588;1;0;0;0;0;0;0;0;0;0;0;1;0;0;0;0;0;0;0;;;
19;11975;11975;95547;0;0;0;0;0;0;0;0;0;0;0;1;0;0;0;0;0;0;0;;;
18;7343;7343;77604;0;0;0;0;0;0;0;0;0;0;0;1;0;0;0;0;0;0;0;;;
18;10652;10475;6558;2;0;0;0;0;0;0;0;0;0;0;1;0;0;0;0;0;0;0;;;
8;13433;11225;55769;16;0;0;0;0;0;0;0;0;0;0;0;1;0;0;0;0;1;0;;;
8;13789;10227;42403;26;0;0;0;0;0;0;0;0;0;0;0;1;0;0;0;0;0;0;;;
11;8941;6930;44381;22;0;0;0;0;0;0;0;0;0;0;0;1;0;0;0;0;0;0;;;
12;10564;8962;58466;15;0;0;0;0;0;0;0;0;0;0;0;1;0;0;0;0;0;0;;;
4;13643;9906;65134;27;0;0;0;0;0;0;0;0;0;0;0;1;0;0;0;0;1;0;;;
7;18618;13299;73009;29;0;0;0;0;0;0;0;0;0;0;0;1;0;0;0;0;1;0;;;
12;24766;19759;79044;20;0;0;0;0;0;0;0;0;0;0;0;1;0;0;0;0;0;0;;;
10;18854;15330;69276;19;0;0;0;0;0;0;0;0;0;0;0;1;0;0;0;0;0;0;;;
8;23509;17958;70216;24;0;0;0;0;0;0;0;0;0;0;0;1;0;0;0;0;1;0;;;
11;18853;15716;59512;17;0;0;0;0;0;0;0;0;0;0;0;1;0;0;0;0;1;0;;;
8;11944;10645;57874;11;0;0;0;0;0;0;0;0;0;0;0;1;0;0;0;0;0;0;;;
13;14485;13748;55924;5;0;0;0;0;0;0;0;0;0;0;0;1;0;0;0;0;0;0;;;
12;11084;11004;29332;1;0;0;0;0;0;0;0;0;0;0;0;1;0;0;0;0;0;0;;;
13;13173;12912;32196;2;0;0;0;0;0;0;0;0;0;0;0;1;0;0;0;0;0;0;;;
12;16452;16213;38875;1;0;0;0;0;0;0;0;0;0;0;0;1;0;0;0;0;0;0;;;
15;19183;18872;32471;2;0;0;0;0;0;0;0;0;0;0;0;1;0;0;0;0;0;0;;;
16;19388;18670;34529;4;0;0;0;0;0;0;0;0;0;0;0;1;0;0;0;0;0;0;;;
16;18087;17785;30589;2;0;0;0;0;0;0;0;0;0;0;0;1;0;0;0;0;1;0;;;
14;18808;18462;38518;2;0;0;0;0;0;0;0;0;0;0;0;1;0;0;0;0;0;0;;;
20;16579;14834;34076;11;0;0;0;0;0;0;0;0;0;0;0;1;0;0;0;0;0;0;;;
19;15364;14022;26572;9;0;0;0;0;0;0;0;0;0;0;0;1;0;0;0;0;1;0;;;
21;16777;16286;43003;3;0;0;0;0;0;0;0;0;0;0;0;1;0;0;0;0;0;0;;;
19;17159;16678;32638;3;0;0;0;0;0;0;0;0;0;0;0;1;0;0;0;0;0;0;;;
23;19873;19348;44138;3;0;0;0;0;0;0;0;0;0;0;0;1;0;0;0;0;0;0;;;
22;13951;13582;31466;3;0;0;0;0;0;0;0;0;0;0;0;1;0;0;0;0;0;0;;;
24;18081;15574;32884;14;0;0;0;0;0;0;0;0;0;0;0;1;0;0;0;0;0;0;;;
23;11757;10577;34696;10;0;0;0;0;0;0;0;0;0;0;0;1;0;0;0;0;1;0;;;
26;17164;14395;30499;16;0;0;0;0;0;0;0;0;0;0;0;1;0;0;0;0;1;0;;;
25;25764;18146;28610;30;0;0;0;0;0;0;0;0;0;0;0;1;0;0;0;0;0;0;;;
26;36222;23582;32791;35;0;0;0;0;0;0;0;0;0;0;0;1;0;0;0;0;0;0;;;
27;20962;14134;27080;33;0;0;0;0;0;0;0;0;0;0;0;1;0;0;0;0;0;0;;;
26;19393;13182;33965;32;0;0;0;0;0;0;0;0;0;0;0;1;0;0;0;0;0;0;;;
27;19233;14149;38975;26;0;0;0;0;0;0;0;0;0;0;0;1;0;0;0;0;0;0;;;
25;18162;12475;33011;31;0;0;0;0;0;0;0;0;0;0;0;1;0;0;0;0;0;0;;;
25;24337;16518;35562;32;0;0;0;0;0;0;0;0;0;0;0;1;0;0;0;0;0;0;;;
25;21588;16130;39806;25;0;0;0;0;0;0;0;0;0;0;0;1;0;0;0;0;1;0;;;
23;18996;16530;51026;13;0;0;0;0;0;0;0;0;0;0;0;1;0;0;0;0;1;0;;;
21;9941;9861;27782;1;0;0;0;0;0;0;0;0;0;0;0;1;0;0;0;0;0;0;;;
18;8067;8112;29013;-1;0;0;0;0;0;0;0;0;0;0;0;1;0;0;0;0;0;0;;;
17;9838;9600;35892;2;0;0;0;0;0;0;0;0;0;0;0;1;0;0;0;0;0;0;;;
18;8654;8413;25377;3;0;0;0;0;0;0;0;0;0;0;0;1;0;0;0;0;0;0;;;
17;7833;7219;27247;8;0;0;0;0;0;0;0;0;0;0;0;1;0;0;0;0;0;0;;;
18;8640;8003;29941;7;0;0;0;0;0;0;0;0;0;0;0;1;0;0;0;0;0;0;;;
12;7156;6864;32374;4;0;0;0;0;0;0;0;0;0;0;0;1;0;0;0;0;0;0;;;
13;8400;7466;24773;11;0;0;0;0;0;0;0;0;0;0;0;1;0;0;0;0;0;0;;;
15;8406;7725;25707;8;0;0;0;0;0;0;0;0;0;0;0;1;0;0;0;0;0;0;;;
12;9702;9195;23882;5;0;0;0;0;0;0;0;0;0;0;0;1;0;0;0;0;0;0;;;
8;5136;4812;27083;6;0;0;0;0;0;0;0;0;0;0;0;1;0;0;0;0;0;0;;;
11;8039;7873;29848;2;0;0;0;0;0;0;0;0;0;0;0;1;0;0;0;0;0;0;;;
9;5931;5542;23811;7;0;0;0;0;0;0;0;0;0;0;0;1;0;0;0;0;0;0;;;
10;12247;10890;27575;11;0;0;0;0;0;0;0;0;0;0;0;1;0;0;0;0;1;0;;;
9;12329;10900;56999;12;0;0;0;0;0;0;0;0;0;0;0;1;0;0;0;0;1;0;;;
4;15038;12582;56838;16;0;0;0;0;0;0;0;0;0;0;0;1;0;0;0;0;1;0;;;
4;10874;8077;37383;26;0;0;0;0;0;0;0;0;0;0;0;1;0;0;0;0;0;0;;;
7;11402;8457;30219;26;0;0;0;0;0;0;0;0;0;0;0;1;0;0;0;0;0;0;;;
13;14393;11362;36490;21;0;0;0;0;0;0;0;0;0;0;0;1;0;0;0;0;0;0;;;
11;15671;12159;45726;22;0;0;0;0;0;0;0;0;0;0;0;1;0;0;0;0;1;0;;;
9;14016;11211;45880;20;0;0;0;0;0;0;0;0;0;0;0;1;0;0;0;0;1;0;;;
4;13708;10800;52804;21;0;0;0;0;0;0;0;0;0;0;0;1;0;0;0;0;0;0;;;
5;6117;4319;35079;29;0;0;0;0;0;0;0;0;0;0;0;1;0;0;0;0;0;0;;;
10;14116;10900;47161;23;0;0;0;0;0;0;0;0;0;0;0;1;0;0;0;0;1;0;;;
8;12326;9932;43689;19;0;0;0;0;0;0;0;0;0;0;0;1;0;0;0;0;1;0;;;
7;13607;9911;51277;27;0;0;0;0;0;0;0;0;0;0;0;1;0;0;0;0;0;0;;;
6;21319;19478;48126;9;0;0;0;0;0;0;0;0;0;0;0;1;0;0;0;0;0;0;;;
11;17875;17020;28535;5;0;0;0;0;0;0;0;0;0;0;0;1;0;0;0;0;0;0;;;
11;25404;24204;26218;5;0;0;0;0;0;0;0;0;0;0;0;1;0;0;0;0;0;0;;;
9;23439;23119;35649;1;0;0;0;0;0;0;0;0;0;0;0;1;0;0;0;0;0;0;;;
13;17597;17354;25504;1;0;0;0;0;0;0;0;0;0;0;0;1;0;0;0;0;0;0;;;
11;21077;20030;26211;5;0;0;0;0;0;0;0;0;0;0;0;1;0;0;0;0;0;0;;;
17;24199;20850;11641;14;0;0;0;0;0;0;0;0;0;0;0;1;0;0;0;0;1;0;;;
17;27206;25903;29124;5;0;0;0;0;0;0;0;0;0;0;0;1;0;0;0;0;0;0;;;
19;16105;15675;25230;3;0;0;0;0;0;0;0;0;0;0;0;1;0;0;0;0;0;0;;;
19;16721;16309;28529;2;0;0;0;0;0;0;0;0;0;0;0;1;0;0;0;0;1;0;;;
19;14805;14048;32505;5;0;0;0;0;0;0;0;0;0;0;0;1;0;0;0;0;0;0;;;
20;16096;15336;30193;5;0;0;0;0;0;0;0;0;0;0;0;1;0;0;0;0;0;0;;;
21;17289;16690;27034;3;0;0;0;0;0;0;0;0;0;0;0;1;0;0;0;0;0;0;;;
23;23407;18940;34215;19;0;0;0;0;0;0;0;0;0;0;0;1;0;0;0;0;0;0;;;
21;21382;15815;29203;26;0;0;0;0;0;0;0;0;0;0;0;1;0;0;0;0;0;0;;;
23;26729;18387;27302;31;0;0;0;0;0;0;0;0;0;0;0;1;0;0;0;0;1;0;;;
25;28665;18427;37467;36;0;0;0;0;0;0;0;0;0;0;0;1;0;0;0;0;1;0;;;
25;32921;19097;42359;42;0;0;0;0;0;0;0;0;0;0;0;1;0;0;0;0;0;0;;;
26;12835;8902;23850;31;0;0;0;0;0;0;0;0;0;0;0;1;0;0;0;0;0;0;;;
28;13325;9274;24848;30;0;0;0;0;0;0;0;0;0;0;0;1;0;0;0;0;0;0;;;
27;16132;11431;38628;29;0;0;0;0;0;0;0;0;0;0;0;1;0;0;0;0;0;0;;;
27;16165;11330;39361;30;0;0;0;0;0;0;0;0;0;0;0;1;0;0;0;0;0;0;;;
26;18288;13606;60097;26;0;0;0;0;0;0;0;0;0;0;0;1;0;0;0;0;0;0;;;
25;13196;10464;61074;21;0;0;0;0;0;0;0;0;0;0;0;1;0;0;0;0;1;0;;;
26;23518;18473;92178;21;0;0;0;0;0;0;0;0;0;0;0;1;0;0;0;0;1;0;;;
24;22313;17899;90240;20;0;0;0;0;0;0;0;0;0;0;0;1;0;0;0;0;0;0;;;
23;17465;14052;94463;20;0;0;0;0;0;0;0;0;0;0;0;1;0;0;0;0;0;0;;;
24;13143;12306;75407;6;0;0;0;0;0;0;0;0;0;0;0;1;0;0;0;0;0;0;;;
19;10037;9878;61195;2;0;0;0;0;0;0;0;0;0;0;0;1;0;0;0;0;0;0;;;
18;7852;7793;53639;1;0;0;0;0;0;0;0;0;0;0;0;1;0;0;0;0;0;0;;;
18;7563;7223;7816;5;0;0;0;0;0;0;0;0;0;0;0;1;0;0;0;0;0;0;;;
7;12500;10500;63056;16;0;0;0;0;0;0;0;0;0;0;0;0;1;0;0;0;1;0;;;
8;14667;11134;39977;24;0;0;0;0;0;0;0;0;0;0;0;0;1;0;0;0;0;0;;;
12;10052;8268;46223;18;0;0;0;0;0;0;0;0;0;0;0;0;1;0;0;0;0;0;;;
12;14127;11528;51524;18;0;0;0;0;0;0;0;0;0;0;0;0;1;0;0;0;0;0;;;
5;27376;20333;77189;26;0;0;0;0;0;0;0;0;0;0;0;0;1;0;0;0;1;0;;;
8;26470;19422;74734;27;0;0;0;0;0;0;0;0;0;0;0;0;1;0;0;0;1;0;;;
12;25866;20337;65530;21;0;0;0;0;0;0;0;0;0;0;0;0;1;0;0;0;0;0;;;
10;22308;18655;67392;16;0;0;0;0;0;0;0;0;0;0;0;0;1;0;0;0;0;0;;;
7;21912;18045;75521;18;0;0;0;0;0;0;0;0;0;0;0;0;1;0;0;0;1;0;;;
11;19527;18221;57990;7;0;0;0;0;0;0;0;0;0;0;0;0;1;0;0;0;1;0;;;
8;13838;13346;47023;4;0;0;0;0;0;0;0;0;0;0;0;0;1;0;0;0;0;0;;;
13;12500;12316;26000;1;0;0;0;0;0;0;0;0;0;0;0;0;1;0;0;0;0;0;;;
12;16875;16631;29297;1;0;0;0;0;0;0;0;0;0;0;0;0;1;0;0;0;0;0;;;
13;17542;17266;44097;2;0;0;0;0;0;0;0;0;0;0;0;0;1;0;0;0;0;0;;;
11;14935;14645;40811;2;0;0;0;0;0;0;0;0;0;0;0;0;1;0;0;0;0;0;;;
14;18247;17907;46793;2;0;0;0;0;0;0;0;0;0;0;0;0;1;0;0;0;0;0;;;
16;14974;14681;45863;2;0;0;0;0;0;0;0;0;0;0;0;0;1;0;0;0;0;0;;;
16;18516;18021;33305;3;0;0;0;0;0;0;0;0;0;0;0;0;1;0;0;0;1;0;;;
14;20690;20259;56570;2;0;0;0;0;0;0;0;0;0;0;0;0;1;0;0;0;0;0;;;
19;18323;16456;26722;10;0;0;0;0;0;0;0;0;0;0;0;0;1;0;0;0;0;0;;;
19;17185;16260;22446;5;0;0;0;0;0;0;0;0;0;0;0;0;1;0;0;0;1;0;;;
21;12695;12538;36427;1;0;0;0;0;0;0;0;0;0;0;0;0;1;0;0;0;0;0;;;
19;17236;16955;39797;2;0;0;0;0;0;0;0;0;0;0;0;0;1;0;0;0;0;0;;;
22;15853;15404;54048;3;0;0;0;0;0;0;0;0;0;0;0;0;1;0;0;0;0;0;;;
22;10443;10236;38017;2;0;0;0;0;0;0;0;0;0;0;0;0;1;0;0;0;0;0;;;
24;16042;13538;36318;16;0;0;0;0;0;0;0;0;0;0;0;0;1;0;0;0;0;0;;;
23;12478;11141;37741;11;0;0;0;0;0;0;0;0;0;0;0;0;1;0;0;0;1;0;;;
26;11482;9628;22779;16;0;0;0;0;0;0;0;0;0;0;0;0;1;0;0;0;1;0;;;
25;22736;16149;27565;29;0;0;0;0;0;0;0;0;0;0;0;0;1;0;0;0;0;0;;;
26;22841;15379;38521;33;0;0;0;0;0;0;0;0;0;0;0;0;1;0;0;0;0;0;;;
27;21018;14197;23747;32;0;0;0;0;0;0;0;0;0;0;0;0;1;0;0;0;0;0;;;
26;18045;12405;30391;31;0;0;0;0;0;0;0;0;0;0;0;0;1;0;0;0;0;0;;;
27;15954;11047;27497;31;0;0;0;0;0;0;0;0;0;0;0;0;1;0;0;0;0;0;;;
26;16897;12084;28132;28;0;0;0;0;0;0;0;0;0;0;0;0;1;0;0;0;0;0;;;
25;20169;15114;31927;25;0;0;0;0;0;0;0;0;0;0;0;0;1;0;0;0;0;0;;;
25;13272;11284;34184;15;0;0;0;0;0;0;0;0;0;0;0;0;1;0;0;0;1;0;;;
23;17277;15709;33122;9;0;0;0;0;0;0;0;0;0;0;0;0;1;0;0;0;1;0;;;
21;15982;14727;35330;8;0;0;0;0;0;0;0;0;0;0;0;0;1;0;0;0;0;0;;;
18;12674;12296;33157;3;0;0;0;0;0;0;0;0;0;0;0;0;1;0;0;0;0;0;;;
17;7931;7763;36643;2;0;0;0;0;0;0;0;0;0;0;0;0;1;0;0;0;0;0;;;
18;12102;11671;37218;4;0;0;0;0;0;0;0;0;0;0;0;0;1;0;0;0;0;0;;;
18;7997;7388;24704;8;0;0;0;0;0;0;0;0;0;0;0;0;1;0;0;0;0;0;;;
17;10900;10732;26044;2;0;0;0;0;0;0;0;0;0;0;0;0;1;0;0;0;0;0;;;
12;10693;10387;35271;3;0;0;0;0;0;0;0;0;0;0;0;0;1;0;0;0;0;0;;;
14;4319;3845;27650;11;0;0;0;0;0;0;0;0;0;0;0;0;1;0;0;0;0;0;;;
14;9452;8716;29039;8;0;0;0;0;0;0;0;0;0;0;0;0;1;0;0;0;0;0;;;
12;9215;8263;31733;10;0;0;0;0;0;0;0;0;0;0;0;0;1;0;0;0;0;0;;;
8;9990;9357;29827;6;0;0;0;0;0;0;0;0;0;0;0;0;1;0;0;0;0;0;;;
11;8294;8157;27314;2;0;0;0;0;0;0;0;0;0;0;0;0;1;0;0;0;0;0;;;
10;8470;8264;30062;2;0;0;0;0;0;0;0;0;0;0;0;0;1;0;0;0;0;0;;;
10;8653;7794;32828;10;0;0;0;0;0;0;0;0;0;0;0;0;1;0;0;0;1;0;;;
9;12188;9919;57981;19;0;0;0;0;0;0;0;0;0;0;0;0;1;0;0;0;1;0;;;
4;11831;9794;62423;17;0;0;0;0;0;0;0;0;0;0;0;0;1;0;0;0;1;0;;;
4;3822;2955;21720;23;0;0;0;0;0;0;0;0;0;0;0;0;1;0;0;0;0;0;;;
6;12481;9250;29794;26;0;0;0;0;0;0;0;0;0;0;0;0;1;0;0;0;0;0;;;
12;13548;10207;30394;25;0;0;0;0;0;0;0;0;0;0;0;0;1;0;0;0;0;0;;;
11;12881;9710;34704;25;0;0;0;0;0;0;0;0;0;0;0;0;1;0;0;0;1;0;;;
9;15140;12104;53756;20;0;0;0;0;0;0;0;0;0;0;0;0;1;0;0;0;1;0;;;
4;11944;9536;48657;20;0;0;0;0;0;0;0;0;0;0;0;0;1;0;0;0;0;0;;;
4;12439;8800;45884;29;0;0;0;0;0;0;0;0;0;0;0;0;1;0;0;0;0;0;;;
10;12257;8714;43682;29;0;0;0;0;0;0;0;0;0;0;0;0;1;0;0;0;1;0;;;
8;16881;12700;47882;25;0;0;0;0;0;0;0;0;0;0;0;0;1;0;0;0;1;0;;;
7;25911;17145;68003;34;0;0;0;0;0;0;0;0;0;0;0;0;1;0;0;0;0;0;;;
7;14494;13971;43478;4;0;0;0;0;0;0;0;0;0;0;0;0;1;0;0;0;0;0;;;
12;17627;16846;22147;4;0;0;0;0;0;0;0;0;0;0;0;0;1;0;0;0;0;0;;;
11;28374;26952;32977;5;0;0;0;0;0;0;0;0;0;0;0;0;1;0;0;0;0;0;;;
9;22275;21935;29485;2;0;0;0;0;0;0;0;0;0;0;0;0;1;0;0;0;0;0;;;
14;22885;22500;22897;2;0;0;0;0;0;0;0;0;0;0;0;0;1;0;0;0;0;0;;;
11;22881;21792;34711;5;0;0;0;0;0;0;0;0;0;0;0;0;1;0;0;0;0;0;;;
17;26179;22489;12033;14;0;0;0;0;0;0;0;0;0;0;0;0;1;0;0;0;1;0;;;
17;32445;30749;56564;5;0;0;0;0;0;0;0;0;0;0;0;0;1;0;0;0;0;0;;;
19;20405;19851;30995;3;0;0;0;0;0;0;0;0;0;0;0;0;1;0;0;0;0;0;;;
19;25196;24697;44605;2;0;0;0;0;0;0;0;0;0;0;0;0;1;0;0;0;1;0;;;
19;17219;16631;44920;3;0;0;0;0;0;0;0;0;0;0;0;0;1;0;0;0;0;0;;;
20;25209;24331;43468;3;0;0;0;0;0;0;0;0;0;0;0;0;1;0;0;0;0;0;;;
21;16703;15967;37517;4;0;0;0;0;0;0;0;0;0;0;0;0;1;0;0;0;0;0;;;
22;28464;23066;45180;19;0;0;0;0;0;0;0;0;0;0;0;0;1;0;0;0;0;0;;;
21;30114;22675;36035;25;0;0;0;0;0;0;0;0;0;0;0;0;1;0;0;0;0;0;;;
23;40383;26923;40799;33;0;0;0;0;0;0;0;0;0;0;0;0;1;0;0;0;1;0;;;
25;56549;36973;40621;35;0;0;0;0;0;0;0;0;0;0;0;0;1;0;0;0;1;0;;;
25;86816;47829;47300;45;0;0;0;0;0;0;0;0;0;0;0;0;1;0;0;0;0;0;;;
26;12294;8692;38623;29;0;0;0;0;0;0;0;0;0;0;0;0;1;0;0;0;0;0;;;
28;13864;9582;36273;31;0;0;0;0;0;0;0;0;0;0;0;0;1;0;0;0;0;0;;;
27;14632;9941;31529;32;0;0;0;0;0;0;0;0;0;0;0;0;1;0;0;0;0;0;;;
27;11518;8829;50610;23;0;0;0;0;0;0;0;0;0;0;0;0;1;0;0;0;0;0;;;
26;16762;13088;66246;22;0;0;0;0;0;0;0;0;0;0;0;0;1;0;0;0;0;0;;;
25;14111;11599;78673;18;0;0;0;0;0;0;0;0;0;0;0;0;1;0;0;0;1;0;;;
26;25109;20100;90111;20;0;0;0;0;0;0;0;0;0;0;0;0;1;0;0;0;1;0;;;
24;21391;17970;89786;16;0;0;0;0;0;0;0;0;0;0;0;0;1;0;0;0;0;0;;;
23;18783;17082;84759;9;0;0;0;0;0;0;0;0;0;0;0;0;1;0;0;0;0;0;;;
24;22170;21872;106770;1;0;0;0;0;0;0;0;0;0;0;0;0;1;0;0;0;0;0;;;
19;13798;13672;82042;1;0;0;0;0;0;0;0;0;0;0;0;0;1;0;0;0;0;0;;;
19;10046;9918;68613;1;0;0;0;0;0;0;0;0;0;0;0;0;1;0;0;0;0;0;;;
18;8910;8678;9960;3;0;0;0;0;0;0;0;0;0;0;0;0;1;0;0;0;0;0;;;
23;336;197;1128;41;0;0;0;0;0;0;0;0;0;0;0;0;0;1;0;0;1;0;;;
26;4620;2692;4059;42;0;0;0;0;0;0;0;0;0;0;0;0;0;1;0;0;1;0;;;
25;3737;2445;3717;35;0;0;0;0;0;0;0;0;0;0;0;0;0;1;0;0;0;0;;;
26;7364;5170;7829;30;0;0;0;0;0;0;0;0;0;0;0;0;0;1;0;0;0;0;;;
26;2177;1524;3413;30;0;0;0;0;0;0;0;0;0;0;0;0;0;1;0;0;0;0;;;
26;4081;2895;3514;29;0;0;0;0;0;0;0;0;0;0;0;0;0;1;0;0;0;0;;;
27;3282;2279;3924;31;0;0;0;0;0;0;0;0;0;0;0;0;0;1;0;0;0;0;;;
25;3105;2173;2558;30;0;0;0;0;0;0;0;0;0;0;0;0;0;1;0;0;0;0;;;
25;6139;4280;4158;30;0;0;0;0;0;0;0;0;0;0;0;0;0;1;0;0;0;0;;;
24;6813;4769;5150;30;0;0;0;0;0;0;0;0;0;0;0;0;0;1;0;0;1;0;;;
23;8862;6126;8743;31;0;0;0;0;0;0;0;0;0;0;0;0;0;1;0;0;1;0;;;
21;6073;4257;6937;30;0;0;0;0;0;0;0;0;0;0;0;0;0;1;0;0;0;0;;;
18;3500;2453;7893;30;0;0;0;0;0;0;0;0;0;0;0;0;0;1;0;0;0;0;;;
17;3471;2518;9872;27;0;0;0;0;0;0;0;0;0;0;0;0;0;1;0;0;0;0;;;
18;4410;3088;5764;30;0;0;0;0;0;0;0;0;0;0;0;0;0;1;0;0;0;0;;;
17;1703;1193;4050;30;0;0;0;0;0;0;0;0;0;0;0;0;0;1;0;0;0;0;;;
18;2322;1628;5717;30;0;0;0;0;0;0;0;0;0;0;0;0;0;1;0;0;0;0;;;
12;1971;1382;6106;30;0;0;0;0;0;0;0;0;0;0;0;0;0;1;0;0;0;0;;;
13;481;337;1842;30;0;0;0;0;0;0;0;0;0;0;0;0;0;1;0;0;0;0;;;
14;2155;1503;7417;30;0;0;0;0;0;0;0;0;0;0;0;0;0;1;0;0;0;0;;;
11;716;502;4610;30;0;0;0;0;0;0;0;0;0;0;0;0;0;1;0;0;0;0;;;
9;1031;714;2186;31;0;0;0;0;0;0;0;0;0;0;0;0;0;1;0;0;0;0;;;
12;465;314;1921;32;0;0;0;0;0;0;0;0;0;0;0;0;0;1;0;0;0;0;;;
9;1378;933;5084;32;0;0;0;0;0;0;0;0;0;0;0;0;0;1;0;0;0;0;;;
10;904;612;3696;32;0;0;0;0;0;0;0;0;0;0;0;0;0;1;0;0;1;0;;;
9;1169;756;4029;35;0;0;0;0;0;0;0;0;0;0;0;0;0;1;0;0;1;0;;;
4;1053;726;2556;31;0;0;0;0;0;0;0;0;0;0;0;0;0;1;0;0;1;0;;;
1;429;290;1509;32;0;0;0;0;0;0;0;0;0;0;0;0;0;1;0;0;0;0;;;
7;1031;690;3396;33;0;0;0;0;0;0;0;0;0;0;0;0;0;1;0;0;0;0;;;
12;1780;1214;6307;32;0;0;0;0;0;0;0;0;0;0;0;0;0;1;0;0;0;0;;;
12;2300;1573;7111;32;0;0;0;0;0;0;0;0;0;0;0;0;0;1;0;0;1;0;;;
9;1318;902;5138;32;0;0;0;0;0;0;0;0;0;0;0;0;0;1;0;0;1;0;;;
5;893;625;4164;30;0;0;0;0;0;0;0;0;0;0;0;0;0;1;0;0;0;0;;;
6;887;621;5216;30;0;0;0;0;0;0;0;0;0;0;0;0;0;1;0;0;0;0;;;
9;1469;887;5823;40;0;0;0;0;0;0;0;0;0;0;0;0;0;1;0;0;1;0;;;
8;1949;1344;6206;31;0;0;0;0;0;0;0;0;0;0;0;0;0;1;0;0;1;0;;;
7;2247;1490;9472;34;0;0;0;0;0;0;0;0;0;0;0;0;0;1;0;0;0;0;;;
6;2129;1456;5539;32;0;0;0;0;0;0;0;0;0;0;0;0;0;1;0;0;0;0;;;
12;2476;1644;11175;34;0;0;0;0;0;0;0;0;0;0;0;0;0;1;0;0;0;0;;;
11;2358;1639;7498;31;0;0;0;0;0;0;0;0;0;0;0;0;0;1;0;0;0;0;;;
10;914;627;4732;31;0;0;0;0;0;0;0;0;0;0;0;0;0;1;0;0;0;0;;;
14;1932;1271;7573;34;0;0;0;0;0;0;0;0;0;0;0;0;0;1;0;0;0;0;;;
11;4536;3043;14851;33;0;0;0;0;0;0;0;0;0;0;0;0;0;1;0;0;0;0;;;
17;8187;5490;3072;33;0;0;0;0;0;0;0;0;0;0;0;0;0;1;0;0;1;0;;;
24;5861;3956;29234;33;0;0;0;0;0;0;0;0;0;0;0;0;0;1;0;0;0;0;;;
19;2598;1753;14222;33;0;0;0;0;0;0;0;0;0;0;0;0;0;1;0;0;0;0;;;
19;2838;1970;21326;31;0;0;0;0;0;0;0;0;0;0;0;0;0;1;0;0;0;0;;;
17;3406;2298;1219;33;0;0;0;0;0;0;0;0;0;0;0;0;0;1;0;0;0;0;;;
7;10912;8903;30144;18;0;0;0;0;0;0;0;0;0;0;0;0;0;0;1;0;1;0;;;
9;14279;10635;27678;26;0;0;0;0;0;0;0;0;0;0;0;0;0;0;1;0;0;0;;;
12;17234;13298;65070;23;0;0;0;0;0;0;0;0;0;0;0;0;0;0;1;0;0;0;;;
12;18237;13889;95994;24;0;0;0;0;0;0;0;0;0;0;0;0;0;0;1;0;0;0;;;
4;20555;14217;99576;31;0;0;0;0;0;0;0;0;0;0;0;0;0;0;1;0;1;0;;;
8;29959;21726;143194;27;0;0;0;0;0;0;0;0;0;0;0;0;0;0;1;0;1;0;;;
12;58920;37258;93613;37;0;0;0;0;0;0;0;0;0;0;0;0;0;0;1;0;0;0;;;
11;13387;12413;45218;7;0;0;0;0;0;0;0;0;0;0;0;0;0;0;1;0;0;0;;;
7;12903;11184;125459;13;0;0;0;0;0;0;0;0;0;0;0;0;0;0;1;0;1;0;;;
11;15581;14220;104904;9;0;0;0;0;0;0;0;0;0;0;0;0;0;0;1;0;1;0;;;
8;18757;15749;102494;16;0;0;0;0;0;0;0;0;0;0;0;0;0;0;1;0;0;0;;;
13;14202;13194;71321;7;0;0;0;0;0;0;0;0;0;0;0;0;0;0;1;0;0;0;;;
12;13319;13178;63384;1;0;0;0;0;0;0;0;0;0;0;0;0;0;0;1;0;0;0;;;
13;15392;14959;80731;3;0;0;0;0;0;0;0;0;0;0;0;0;0;0;1;0;0;0;;;
11;10571;10456;63163;1;0;0;0;0;0;0;0;0;0;0;0;0;0;0;1;0;0;0;;;
15;15477;15237;98566;2;0;0;0;0;0;0;0;0;0;0;0;0;0;0;1;0;0;0;;;
16;16091;15960;76755;1;0;0;0;0;0;0;0;0;0;0;0;0;0;0;1;0;0;0;;;
17;15340;15155;73587;1;0;0;0;0;0;0;0;0;0;0;0;0;0;0;1;0;1;0;;;
14;19067;19101;102019;0;0;0;0;0;0;0;0;0;0;0;0;0;0;0;1;0;0;0;;;
19;10843;10363;66954;4;0;0;0;0;0;0;0;0;0;0;0;0;0;0;1;0;0;0;;;
19;10513;10176;62246;3;0;0;0;0;0;0;0;0;0;0;0;0;0;0;1;0;1;0;;;
21;14837;14494;61396;2;0;0;0;0;0;0;0;0;0;0;0;0;0;0;1;0;0;0;;;
20;12172;12062;77040;1;0;0;0;0;0;0;0;0;0;0;0;0;0;0;1;0;0;0;;;
23;13913;13765;60850;1;0;0;0;0;0;0;0;0;0;0;0;0;0;0;1;0;0;0;;;
22;9609;9415;54343;2;0;0;0;0;0;0;0;0;0;0;0;0;0;0;1;0;0;0;;;
24;13798;11422;62270;17;0;0;0;0;0;0;0;0;0;0;0;0;0;0;1;0;0;0;;;
23;9951;8824;53761;11;0;0;0;0;0;0;0;0;0;0;0;0;0;0;1;0;1;0;;;
26;14780;12051;55341;18;0;0;0;0;0;0;0;0;0;0;0;0;0;0;1;0;1;0;;;
25;27911;20356;62071;27;0;0;0;0;0;0;0;0;0;0;0;0;0;0;1;0;0;0;;;
26;40878;31023;124832;24;0;0;0;0;0;0;0;0;0;0;0;0;0;0;1;0;0;0;;;
27;12841;9791;80504;24;0;0;0;0;0;0;0;0;0;0;0;0;0;0;1;0;0;0;;;
26;14839;11535;65491;22;0;0;0;0;0;0;0;0;0;0;0;0;0;0;1;0;0;0;;;
27;22264;15627;52487;30;0;0;0;0;0;0;0;0;0;0;0;0;0;0;1;0;0;0;;;
25;18945;14789;68808;22;0;0;0;0;0;0;0;0;0;0;0;0;0;0;1;0;0;0;;;
25;17273;12841;91192;26;0;0;0;0;0;0;0;0;0;0;0;0;0;0;1;0;0;0;;;
24;26234;21481;152923;18;0;0;0;0;0;0;0;0;0;0;0;0;0;0;1;0;1;0;;;
23;24031;23018;122094;4;0;0;0;0;0;0;0;0;0;0;0;0;0;0;1;0;1;0;;;
21;15705;15503;61755;1;0;0;0;0;0;0;0;0;0;0;0;0;0;0;1;0;0;0;;;
18;11403;10965;167080;4;0;0;0;0;0;0;0;0;0;0;0;0;0;0;1;0;0;0;;;
17;21548;21422;102107;1;0;0;0;0;0;0;0;0;0;0;0;0;0;0;1;0;0;0;;;
18;9686;9656;108402;0;0;0;0;0;0;0;0;0;0;0;0;0;0;0;1;0;0;0;;;
18;7010;6292;61528;10;0;0;0;0;0;0;0;0;0;0;0;0;0;0;1;0;0;0;;;
17;8474;8342;60068;2;0;0;0;0;0;0;0;0;0;0;0;0;0;0;1;0;0;0;;;
13;11251;10785;105669;4;0;0;0;0;0;0;0;0;0;0;0;0;0;0;1;0;0;0;;;
14;10544;9722;67008;8;0;0;0;0;0;0;0;0;0;0;0;0;0;0;1;0;0;0;;;
14;13808;12967;100625;6;0;0;0;0;0;0;0;0;0;0;0;0;0;0;1;0;0;0;;;
12;8269;7370;61455;11;0;0;0;0;0;0;0;0;0;0;0;0;0;0;1;0;0;0;;;
8;8064;7991;58225;1;0;0;0;0;0;0;0;0;0;0;0;0;0;0;1;0;0;0;;;
12;6008;5891;65847;2;0;0;0;0;0;0;0;0;0;0;0;0;0;0;1;0;0;0;;;
9;7815;7626;73155;2;0;0;0;0;0;0;0;0;0;0;0;0;0;0;1;0;0;0;;;
10;8463;7484;70299;12;0;0;0;0;0;0;0;0;0;0;0;0;0;0;1;0;1;0;;;
9;6336;5798;69747;8;0;0;0;0;0;0;0;0;0;0;0;0;0;0;1;0;1;0;;;
4;9302;7231;147504;22;0;0;0;0;0;0;0;0;0;0;0;0;0;0;1;0;1;0;;;
3;11294;8651;110459;23;0;0;0;0;0;0;0;0;0;0;0;0;0;0;1;0;0;0;;;
7;12995;9815;58153;24;0;0;0;0;0;0;0;0;0;0;0;0;0;0;1;0;0;0;;;
12;15321;11718;94564;24;0;0;0;0;0;0;0;0;0;0;0;0;0;0;1;0;0;0;;;
11;19148;14727;117238;23;0;0;0;0;0;0;0;0;0;0;0;0;0;0;1;0;1;0;;;
9;16633;13429;131737;19;0;0;0;0;0;0;0;0;0;0;0;0;0;0;1;0;1;0;;;
4;18603;15449;163288;17;0;0;0;0;0;0;0;0;0;0;0;0;0;0;1;0;0;0;;;
4;15451;11606;120541;25;0;0;0;0;0;0;0;0;0;0;0;0;0;0;1;0;0;0;;;
10;17139;12401;109216;28;0;0;0;0;0;0;0;0;0;0;0;0;0;0;1;0;1;0;;;
8;12289;9700;114979;21;0;0;0;0;0;0;0;0;0;0;0;0;0;0;1;0;1;0;;;
7;19980;14576;108708;27;0;0;0;0;0;0;0;0;0;0;0;0;0;0;1;0;0;0;;;
6;13695;12488;115149;9;0;0;0;0;0;0;0;0;0;0;0;0;0;0;1;0;0;0;;;
11;27129;26176;75131;4;0;0;0;0;0;0;0;0;0;0;0;0;0;0;1;0;0;0;;;
10;29385;28978;86945;1;0;0;0;0;0;0;0;0;0;0;0;0;0;0;1;0;0;0;;;
9;26480;26155;87111;1;0;0;0;0;0;0;0;0;0;0;0;0;0;0;1;0;0;0;;;
14;25052;24587;103908;2;0;0;0;0;0;0;0;0;0;0;0;0;0;0;1;0;0;0;;;
11;16049;15944;71228;1;0;0;0;0;0;0;0;0;0;0;0;0;0;0;1;0;0;0;;;
17;24814;21749;23061;12;0;0;0;0;0;0;0;0;0;0;0;0;0;0;1;0;1;0;;;
18;29933;28740;58048;4;0;0;0;0;0;0;0;0;0;0;0;0;0;0;1;0;0;0;;;
19;28439;27950;63915;2;0;0;0;0;0;0;0;0;0;0;0;0;0;0;1;0;0;0;;;
19;23152;22911;69981;1;0;0;0;0;0;0;0;0;0;0;0;0;0;0;1;0;1;0;;;
19;22567;22330;55087;1;0;0;0;0;0;0;0;0;0;0;0;0;0;0;1;0;0;0;;;
20;27183;26503;73096;3;0;0;0;0;0;0;0;0;0;0;0;0;0;0;1;0;0;0;;;
21;25297;24493;61311;3;0;0;0;0;0;0;0;0;0;0;0;0;0;0;1;0;0;0;;;
23;30713;24916;63057;19;0;0;0;0;0;0;0;0;0;0;0;0;0;0;1;0;0;0;;;
21;34467;25916;52736;25;0;0;0;0;0;0;0;0;0;0;0;0;0;0;1;0;0;0;;;
23;34509;24154;79246;30;0;0;0;0;0;0;0;0;0;0;0;0;0;0;1;0;1;0;;;
25;45002;28305;81840;37;0;0;0;0;0;0;0;0;0;0;0;0;0;0;1;0;1;0;;;
25;49085;28499;117914;42;0;0;0;0;0;0;0;0;0;0;0;0;0;0;1;0;0;0;;;
26;12216;8509;80037;30;0;0;0;0;0;0;0;0;0;0;0;0;0;0;1;0;0;0;;;
28;7985;5429;66974;32;0;0;0;0;0;0;0;0;0;0;0;0;0;0;1;0;0;0;;;
27;15979;11601;113392;27;0;0;0;0;0;0;0;0;0;0;0;0;0;0;1;0;0;0;;;
27;13732;9924;192097;28;0;0;0;0;0;0;0;0;0;0;0;0;0;0;1;0;0;0;;;
26;14945;12472;220030;17;0;0;0;0;0;0;0;0;0;0;0;0;0;0;1;0;0;0;;;
25;11946;10433;202313;13;0;0;0;0;0;0;0;0;0;0;0;0;0;0;1;0;1;0;;;
26;13456;11785;188001;12;0;0;0;0;0;0;0;0;0;0;0;0;0;0;1;0;1;0;;;
24;17512;14962;242249;15;0;0;0;0;0;0;0;0;0;0;0;0;0;0;1;0;0;0;;;
23;12472;11482;261439;8;0;0;0;0;0;0;0;0;0;0;0;0;0;0;1;0;0;0;;;
23;12139;11998;308735;1;0;0;0;0;0;0;0;0;0;0;0;0;0;0;1;0;0;0;;;
20;17640;17438;182149;1;0;0;0;0;0;0;0;0;0;0;0;0;0;0;1;0;0;0;;;
19;11974;11968;103153;0;0;0;0;0;0;0;0;0;0;0;0;0;0;0;1;0;0;0;;;
18;10656;10479;10885;2;0;0;0;0;0;0;0;0;0;0;0;0;0;0;1;0;0;0;;;
7;6733;5617;66176;17;0;0;0;0;0;0;0;0;0;0;0;0;0;0;0;1;1;0;;;
8;13766;10199;29343;26;0;0;0;0;0;0;0;0;0;0;0;0;0;0;0;1;0;0;;;
12;8627;6739;31068;22;0;0;0;0;0;0;0;0;0;0;0;0;0;0;0;1;0;0;;;
12;7121;5356;46423;25;0;0;0;0;0;0;0;0;0;0;0;0;0;0;0;1;0;0;;;
4;12268;8928;62996;27;0;0;0;0;0;0;0;0;0;0;0;0;0;0;0;1;1;0;;;
8;15672;11627;84385;26;0;0;0;0;0;0;0;0;0;0;0;0;0;0;0;1;1;0;;;
12;21836;14647;65906;33;0;0;0;0;0;0;0;0;0;0;0;0;0;0;0;1;0;0;;;
10;16310;11854;49444;27;0;0;0;0;0;0;0;0;0;0;0;0;0;0;0;1;0;0;;;
7;13936;10928;50332;22;0;0;0;0;0;0;0;0;0;0;0;0;0;0;0;1;1;0;;;
11;10985;8949;53244;19;0;0;0;0;0;0;0;0;0;0;0;0;0;0;0;1;1;0;;;
8;8076;7776;57877;4;0;0;0;0;0;0;0;0;0;0;0;0;0;0;0;1;0;0;;;
13;7902;7861;35734;1;0;0;0;0;0;0;0;0;0;0;0;0;0;0;0;1;0;0;;;
11;8180;8035;38668;2;0;0;0;0;0;0;0;0;0;0;0;0;0;0;0;1;0;0;;;
13;7657;7585;31104;1;0;0;0;0;0;0;0;0;0;0;0;0;0;0;0;1;0;0;;;
12;8660;8618;24169;0;0;0;0;0;0;0;0;0;0;0;0;0;0;0;0;1;0;0;;;
15;7280;7272;25902;0;0;0;0;0;0;0;0;0;0;0;0;0;0;0;0;1;0;0;;;
16;11052;11025;33063;0;0;0;0;0;0;0;0;0;0;0;0;0;0;0;0;1;0;0;;;
16;7831;7790;31848;1;0;0;0;0;0;0;0;0;0;0;0;0;0;0;0;1;1;0;;;
14;10711;10470;48800;2;0;0;0;0;0;0;0;0;0;0;0;0;0;0;0;1;0;0;;;
20;8169;7692;27705;6;0;0;0;0;0;0;0;0;0;0;0;0;0;0;0;1;0;0;;;
19;8341;7869;27230;6;0;0;0;0;0;0;0;0;0;0;0;0;0;0;0;1;1;0;;;
22;9979;9552;29565;4;0;0;0;0;0;0;0;0;0;0;0;0;0;0;0;1;0;0;;;
19;9069;8838;40109;3;0;0;0;0;0;0;0;0;0;0;0;0;0;0;0;1;0;0;;;
23;11206;10786;44453;4;0;0;0;0;0;0;0;0;0;0;0;0;0;0;0;1;0;0;;;
22;6850;6863;29494;0;0;0;0;0;0;0;0;0;0;0;0;0;0;0;0;1;0;0;;;
24;8099;7271;38538;10;0;0;0;0;0;0;0;0;0;0;0;0;0;0;0;1;0;0;;;
23;6265;5921;24122;5;0;0;0;0;0;0;0;0;0;0;0;0;0;0;0;1;1;0;;;
26;8102;6300;20652;22;0;0;0;0;0;0;0;0;0;0;0;0;0;0;0;1;1;0;;;
25;13388;9482;33388;29;0;0;0;0;0;0;0;0;0;0;0;0;0;0;0;1;0;0;;;
26;25151;16808;70282;33;0;0;0;0;0;0;0;0;0;0;0;0;0;0;0;1;0;0;;;
27;9975;6884;37231;31;0;0;0;0;0;0;0;0;0;0;0;0;0;0;0;1;0;0;;;
26;7937;5359;33374;32;0;0;0;0;0;0;0;0;0;0;0;0;0;0;0;1;0;0;;;
27;7557;4956;29831;34;0;0;0;0;0;0;0;0;0;0;0;0;0;0;0;1;0;0;;;
26;8188;6059;32713;26;0;0;0;0;0;0;0;0;0;0;0;0;0;0;0;1;0;0;;;
25;9694;7196;38420;26;0;0;0;0;0;0;0;0;0;0;0;0;0;0;0;1;0;0;;;
25;11837;9405;36499;21;0;0;0;0;0;0;0;0;0;0;0;0;0;0;0;1;1;0;;;
23;11028;10030;36120;9;0;0;0;0;0;0;0;0;0;0;0;0;0;0;0;1;1;0;;;
21;7716;7628;31268;1;0;0;0;0;0;0;0;0;0;0;0;0;0;0;0;1;0;0;;;
18;5211;5001;43984;4;0;0;0;0;0;0;0;0;0;0;0;0;0;0;0;1;0;0;;;
17;6882;6705;42295;3;0;0;0;0;0;0;0;0;0;0;0;0;0;0;0;1;0;0;;;
18;3877;3825;31573;1;0;0;0;0;0;0;0;0;0;0;0;0;0;0;0;1;0;0;;;
17;3916;3731;29180;5;0;0;0;0;0;0;0;0;0;0;0;0;0;0;0;1;0;0;;;
17;3490;3333;19709;5;0;0;0;0;0;0;0;0;0;0;0;0;0;0;0;1;0;0;;;
12;7367;7035;36314;5;0;0;0;0;0;0;0;0;0;0;0;0;0;0;0;1;0;0;;;
14;4541;4098;21137;10;0;0;0;0;0;0;0;0;0;0;0;0;0;0;0;1;0;0;;;
14;7363;6795;26233;8;0;0;0;0;0;0;0;0;0;0;0;0;0;0;0;1;0;0;;;
12;4469;4238;33143;5;0;0;0;0;0;0;0;0;0;0;0;0;0;0;0;1;0;0;;;
8;3808;3747;19838;2;0;0;0;0;0;0;0;0;0;0;0;0;0;0;0;1;0;0;;;
12;4770;4685;21832;2;0;0;0;0;0;0;0;0;0;0;0;0;0;0;0;1;0;0;;;
9;4418;4498;35124;-2;0;0;0;0;0;0;0;0;0;0;0;0;0;0;0;1;0;0;;;
10;5178;4698;30997;9;0;0;0;0;0;0;0;0;0;0;0;0;0;0;0;1;1;0;;;
9;11841;8898;52835;25;0;0;0;0;0;0;0;0;0;0;0;0;0;0;0;1;1;0;;;
5;6429;4904;51133;24;0;0;0;0;0;0;0;0;0;0;0;0;0;0;0;1;1;0;;;
3;6828;5376;41955;21;0;0;0;0;0;0;0;0;0;0;0;0;0;0;0;1;0;0;;;
7;5310;4063;21255;23;0;0;0;0;0;0;0;0;0;0;0;0;0;0;0;1;0;0;;;
12;6166;5009;36785;19;0;0;0;0;0;0;0;0;0;0;0;0;0;0;0;1;0;0;;;
11;6793;5249;37249;23;0;0;0;0;0;0;0;0;0;0;0;0;0;0;0;1;1;0;;;
8;7214;5700;43384;21;0;0;0;0;0;0;0;0;0;0;0;0;0;0;0;1;1;0;;;
4;7578;6232;55194;18;0;0;0;0;0;0;0;0;0;0;0;0;0;0;0;1;0;0;;;
3;9705;7310;49634;25;0;0;0;0;0;0;0;0;0;0;0;0;0;0;0;1;0;0;;;
11;7693;5324;41495;31;0;0;0;0;0;0;0;0;0;0;0;0;0;0;0;1;1;0;;;
8;8245;6126;45969;26;0;0;0;0;0;0;0;0;0;0;0;0;0;0;0;1;1;0;;;
7;11485;7805;39857;32;0;0;0;0;0;0;0;0;0;0;0;0;0;0;0;1;0;0;;;
6;6664;5683;41447;15;0;0;0;0;0;0;0;0;0;0;0;0;0;0;0;1;0;0;;;
12;13719;11616;45412;15;0;0;0;0;0;0;0;0;0;0;0;0;0;0;0;1;0;0;;;
10;13064;12279;41409;6;0;0;0;0;0;0;0;0;0;0;0;0;0;0;0;1;0;0;;;
9;10003;9486;33628;5;0;0;0;0;0;0;0;0;0;0;0;0;0;0;0;1;0;0;;;
14;10428;10376;20579;0;0;0;0;0;0;0;0;0;0;0;0;0;0;0;0;1;0;0;;;
12;11089;10928;29006;1;0;0;0;0;0;0;0;0;0;0;0;0;0;0;0;1;0;0;;;
17;22480;18627;9192;17;0;0;0;0;0;0;0;0;0;0;0;0;0;0;0;1;1;0;;;
17;20197;18976;31369;6;0;0;0;0;0;0;0;0;0;0;0;0;0;0;0;1;0;0;;;
19;15611;15577;21842;0;0;0;0;0;0;0;0;0;0;0;0;0;0;0;0;1;0;0;;;
19;14366;14026;29469;2;0;0;0;0;0;0;0;0;0;0;0;0;0;0;0;1;1;0;;;
19;10084;10004;21525;1;0;0;0;0;0;0;0;0;0;0;0;0;0;0;0;1;0;0;;;
20;11827;11476;30814;3;0;0;0;0;0;0;0;0;0;0;0;0;0;0;0;1;0;0;;;
21;15199;14404;23815;5;0;0;0;0;0;0;0;0;0;0;0;0;0;0;0;1;0;0;;;
23;10695;8678;26918;19;0;0;0;0;0;0;0;0;0;0;0;0;0;0;0;1;0;0;;;
21;14685;10867;22559;26;0;0;0;0;0;0;0;0;0;0;0;0;0;0;0;1;0;0;;;
23;20643;14644;30811;29;0;0;0;0;0;0;0;0;0;0;0;0;0;0;0;1;1;0;;;
25;35557;22123;35424;38;0;0;0;0;0;0;0;0;0;0;0;0;0;0;0;1;1;0;;;
25;36660;21633;43290;41;0;0;0;0;0;0;0;0;0;0;0;0;0;0;0;1;0;0;;;
26;10317;7076;19315;31;0;0;0;0;0;0;0;0;0;0;0;0;0;0;0;1;0;0;;;
28;8849;5898;22668;33;0;0;0;0;0;0;0;0;0;0;0;0;0;0;0;1;0;0;;;
27;8658;5896;26353;32;0;0;0;0;0;0;0;0;0;0;0;0;0;0;0;1;0;0;;;
27;8968;6134;34530;32;0;0;0;0;0;0;0;0;0;0;0;0;0;0;0;1;0;0;;;
26;13382;10540;58080;21;0;0;0;0;0;0;0;0;0;0;0;0;0;0;0;1;0;0;;;
25;9230;7483;60113;19;0;0;0;0;0;0;0;0;0;0;0;0;0;0;0;1;1;0;;;
26;8433;6629;54425;21;0;0;0;0;0;0;0;0;0;0;0;0;0;0;0;1;1;0;;;
24;15187;12793;82514;16;0;0;0;0;0;0;0;0;0;0;0;0;0;0;0;1;0;0;;;
23;8254;7856;67434;5;0;0;0;0;0;0;0;0;0;0;0;0;0;0;0;1;0;0;;;
23;17783;17455;115692;2;0;0;0;0;0;0;0;0;0;0;0;0;0;0;0;1;0;0;;;
19;7794;7719;46410;1;0;0;0;0;0;0;0;0;0;0;0;0;0;0;0;1;0;0;;;
19;4513;4541;41035;-1;0;0;0;0;0;0;0;0;0;0;0;0;0;0;0;1;0;0;;;
17;3873;3829;2770;1;0;0;0;0;0;0;0;0;0;0;0;0;0;0;0;1;0;0;;;
;;;;;;;;;;;;;;;;;;;;;;;;;
;;;;;;;;;;;;;;;;;;;;;;;;;
;;;;;;;;;;;;;;;;;;;;;;;;;
;;;;;;;;;;;;;;;;;;;;;;;;;
;;;;;;;;;;;;;;;;;;;;;;;;;
;;;;;;;;;;;;;;;;;;;;;;;;;
;;;;;;;;;;;;;;;;;;;;;;;;;
;;;;;;;;;;;;;;;;;;;;;;;;;
;;;;;;;;;;;;;;;;;;;;;;;;;
;;;;;;;;;;;;;;;;;;;;;;;;;
;;;;;;;;;;;;;;;;;;;;;;;;;
;;;;;;;;;;;;;;;;;;;;;;;;;
;;;;;;;;;;;;;;;;;;;;;;;;;
;;;;;;;;;;;;;;;;;;;;;;;;;
;;;;;;;;;;;;;;;;;;;;;;;;;
;;;;;;;;;;;;;;;;;;;;;;;;;
;;;;;;;;;;;;;;;;;;;;;;;;;
;;;;;;;;;;;;;;;;;;;;;;;;;
;;;;;;;;;;;;;;;;;;;;;;;;;
;;;;;;;;;;;;;;;;;;;;;;;;;
;;;;;;;;;;;;;;;;;;;;;;;;;
;;;;;;;;;;;;;;;;;;;;;;;;;
;;;;;;;;;;;;;;;;;;;;;;;;;
;;;;;;;;;;;;;;;;;;;;;;;;;
;;;;;;;;;;;;;;;;;;;;;;;;;
;;;;;;;;;;;;;;;;;;;;;;;;;
;;;;;;;;;;;;;;;;;;;;;;;;;
;;;;;;;;;;;;;;;;;;;;;;;;;
;;;;;;;;;;;;;;;;;;;;;;;;;
;;;;;;;;;;;;;;;;;;;;;;;;;
;;;;;;;;;;;;;;;;;;;;;;;;;
;;;;;;;;;;;;;;;;;;;;;;;;;
;;;;;;;;;;;;;;;;;;;;;;;;;
;;;;;;;;;;;;;;;;;;;;;;;;;
;;;;;;;;;;;;;;;;;;;;;;;;;
;;;;;;;;;;;;;;;;;;;;;;;;;
;;;;;;;;;;;;;;;;;;;;;;;;;
;;;;;;;;;;;;;;;;;;;;;;;;;
;;;;;;;;;;;;;;;;;;;;;;;;;
;;;;;;;;;;;;;;;;;;;;;;;;;
;;;;;;;;;;;;;;;;;;;;;;;;;
;;;;;;;;;;;;;;;;;;;;;;;;;
;;;;;;;;;;;;;;;;;;;;;;;;;
;;;;;;;;;;;;;;;;;;;;;;;;;
;;;;;;;;;;;;;;;;;;;;;;;;;
;;;;;;;;;;;;;;;;;;;;;;;;;
;;;;;;;;;;;;;;;;;;;;;;;;;
;;;;;;;;;;;;;;;;;;;;;;;;;
;;;;;;;;;;;;;;;;;;;;;;;;;
;;;;;;;;;;;;;;;;;;;;;;;;;
;;;;;;;;;;;;;;;;;;;;;;;;;
;;;;;;;;;;;;;;;;;;;;;;;;;
;;;;;;;;;;;;;;;;;;;;;;;;;
;;;;;;;;;;;;;;;;;;;;;;;;;
;;;;;;;;;;;;;;;;;;;;;;;;;
;;;;;;;;;;;;;;;;;;;;;;;;;
;;;;;;;;;;;;;;;;;;;;;;;;;
;;;;;;;;;;;;;;;;;;;;;;;;;
;;;;;;;;;;;;;;;;;;;;;;;;;
;;;;;;;;;;;;;;;;;;;;;;;;;
;;;;;;;;;;;;;;;;;;;;;;;;;
;;;;;;;;;;;;;;;;;;;;;;;;;
;;;;;;;;;;;;;;;;;;;;;;;;;
;;;;;;;;;;;;;;;;;;;;;;;;;
;;;;;;;;;;;;;;;;;;;;;;;;;
;;;;;;;;;;;;;;;;;;;;;;;;;
;;;;;;;;;;;;;;;;;;;;;;;;;
;;;;;;;;;;;;;;;;;;;;;;;;;
;;;;;;;;;;;;;;;;;;;;;;;;;
;;;;;;;;;;;;;;;;;;;;;;;;;
;;;;;;;;;;;;;;;;;;;;;;;;;
;;;;;;;;;;;;;;;;;;;;;;;;;
;;;;;;;;;;;;;;;;;;;;;;;;;